-- phpMyAdmin SQL Dump
-- version 3.4.10.1deb1
-- http://www.phpmyadmin.net
--
-- Host: localhost
-- Generation Time: Jan 08, 2014 at 07:07 PM
-- Server version: 5.5.34
-- PHP Version: 5.3.10-1ubuntu3.9

SET SQL_MODE="NO_AUTO_VALUE_ON_ZERO";
SET time_zone = "+00:00";


/*!40101 SET @OLD_CHARACTER_SET_CLIENT=@@CHARACTER_SET_CLIENT */;
/*!40101 SET @OLD_CHARACTER_SET_RESULTS=@@CHARACTER_SET_RESULTS */;
/*!40101 SET @OLD_COLLATION_CONNECTION=@@COLLATION_CONNECTION */;
/*!40101 SET NAMES utf8 */;

--
-- Database: `socialWorks`
--

-- --------------------------------------------------------

--
-- Table structure for table `agencies`
--

CREATE TABLE IF NOT EXISTS `agencies` (
  `id` int(11) NOT NULL AUTO_INCREMENT,
  `name` varchar(50) DEFAULT NULL,
  `address` varchar(255) DEFAULT NULL,
  `city` varchar(100) DEFAULT NULL,
  `state` varchar(50) DEFAULT NULL,
  `zip` varchar(15) DEFAULT NULL,
  `email` varchar(100) DEFAULT NULL,
  `phone` varchar(15) DEFAULT NULL,
  PRIMARY KEY (`id`)
) ENGINE=InnoDB  DEFAULT CHARSET=latin1 AUTO_INCREMENT=2 ;

--
-- Dumping data for table `agencies`
--

INSERT INTO `agencies` (`id`, `name`, `address`, `city`, `state`, `zip`, `email`, `phone`) VALUES
(1, 'Sample Agency', '123 Main St', 'Folsom', 'CA', '95667', 'info@sampleagency.com', '530 675 2785');

-- --------------------------------------------------------

--
-- Table structure for table `consumers`
--

CREATE TABLE IF NOT EXISTS `consumers` (
  `id` int(11) NOT NULL AUTO_INCREMENT,
  `type` varchar(10) NOT NULL,
  `fname` varchar(70) NOT NULL,
  `lname` varchar(70) NOT NULL,
  `address` varchar(255) NOT NULL,
  `state` varchar(4) NOT NULL,
  `county` varchar(70) NOT NULL,
  `city` varchar(150) NOT NULL,
  `zip` varchar(15) NOT NULL,
  `phone` varchar(15) NOT NULL,
  `email` varchar(150) NOT NULL,
  `birth_date` date NOT NULL,
  `bio` text NOT NULL,
  `uci` varchar(50) NOT NULL,
  `create_date` datetime NOT NULL,
  PRIMARY KEY (`id`)
) ENGINE=InnoDB  DEFAULT CHARSET=latin1 AUTO_INCREMENT=3 ;

--
-- Dumping data for table `consumers`
--

INSERT INTO `consumers` (`id`, `type`, `fname`, `lname`, `address`, `state`, `county`, `city`, `zip`, `phone`, `email`, `birth_date`, `bio`, `uci`, `create_date`) VALUES
(1, 'ils', 'Mr', 'Special', '2955 Coloma St.', 'CA', 'El Dorado', 'PLACERVILLE', '95667', '530 957 5821', 'scott@graphicdesignhouse.com', '1970-04-28', 'test', '5439187', '2013-08-20 20:57:05'),
(2, 'ils', 'john', 'smith', '2333 main st', 'CA', 'USA', 'Placerville', '95667', '543 789 9087', 'spencer@agamsi.com', '1976-05-06', 'test', '5439187', '2013-10-08 22:29:55');

-- --------------------------------------------------------

--
-- Table structure for table `consumers_checkins`
--

CREATE TABLE IF NOT EXISTS `consumers_checkins` (
  `id` int(11) NOT NULL AUTO_INCREMENT,
  `geo` text,
  `consumer_id` int(11) DEFAULT NULL,
  `user_id` int(11) DEFAULT NULL,
  `in_lat` float(10,6) DEFAULT NULL,
  `in_lng` float(10,6) DEFAULT NULL,
  `in_time` bigint(20) DEFAULT NULL,
  `out_lat` float(10,6) DEFAULT NULL,
  `out_lng` float(10,6) DEFAULT NULL,
  `out_time` bigint(20) DEFAULT NULL,
  `mileage` float DEFAULT NULL,
  `note` varchar(45) DEFAULT NULL,
  PRIMARY KEY (`id`)
) ENGINE=MyISAM DEFAULT CHARSET=latin1 AUTO_INCREMENT=1 ;

-- --------------------------------------------------------

--
-- Table structure for table `consumers_coordinators`
--

CREATE TABLE IF NOT EXISTS `consumers_coordinators` (
  `consumer_id` int(11) NOT NULL,
  `coordinator_id` int(11) DEFAULT NULL,
  PRIMARY KEY (`consumer_id`)
) ENGINE=InnoDB DEFAULT CHARSET=latin1;

--
-- Dumping data for table `consumers_coordinators`
--

INSERT INTO `consumers_coordinators` (`consumer_id`, `coordinator_id`) VALUES
(1, 7);

-- --------------------------------------------------------

--
-- Table structure for table `consumers_exams`
--

CREATE TABLE IF NOT EXISTS `consumers_exams` (
  `id` int(11) NOT NULL AUTO_INCREMENT,
  `consumer_id` int(11) NOT NULL,
  `physician_id` int(11) NOT NULL,
  `type` varchar(50) NOT NULL,
  `date` datetime NOT NULL,
  `result` text NOT NULL,
  PRIMARY KEY (`id`)
) ENGINE=InnoDB  DEFAULT CHARSET=latin1 AUTO_INCREMENT=20 ;

--
-- Dumping data for table `consumers_exams`
--

INSERT INTO `consumers_exams` (`id`, `consumer_id`, `physician_id`, `type`, `date`, `result`) VALUES
(10, 1, 26, 'this is a type', '2014-01-16 00:00:00', 'test'),
(12, 1, 26, 'test', '2014-01-08 00:00:00', 'test'),
(13, 1, 26, 'test', '2014-01-08 00:00:00', 'test'),
(14, 1, 26, 'this is a type', '2014-01-01 00:00:00', 'test'),
(15, 1, 26, 'this is a type', '2014-01-01 00:00:00', 'test'),
(16, 1, 26, 'this is a type', '2014-01-01 00:00:00', 'test'),
(17, 1, 26, 'this is a type', '2014-01-01 00:00:00', 'test'),
(18, 1, 26, 'this is a type', '2014-01-10 00:00:00', 'test'),
(19, 1, 26, 'this is a type', '2014-01-10 00:00:00', 'new one');

-- --------------------------------------------------------

--
-- Table structure for table `consumers_goals`
--

CREATE TABLE IF NOT EXISTS `consumers_goals` (
  `id` int(11) NOT NULL AUTO_INCREMENT,
  `consumers_id` int(11) NOT NULL,
  `goal` text NOT NULL,
  PRIMARY KEY (`id`)
) ENGINE=InnoDB DEFAULT CHARSET=latin1 AUTO_INCREMENT=1 ;

-- --------------------------------------------------------

--
-- Table structure for table `consumers_insurance`
--

CREATE TABLE IF NOT EXISTS `consumers_insurance` (
  `id` int(11) NOT NULL AUTO_INCREMENT,
  `consumer_id` int(11) DEFAULT NULL,
  `medical_number` varchar(50) DEFAULT NULL,
  `medicare_number` varchar(50) DEFAULT NULL,
  `insurance_info` text,
  PRIMARY KEY (`id`)
) ENGINE=InnoDB  DEFAULT CHARSET=latin1 AUTO_INCREMENT=2 ;

--
-- Dumping data for table `consumers_insurance`
--

INSERT INTO `consumers_insurance` (`id`, `consumer_id`, `medical_number`, `medicare_number`, `insurance_info`) VALUES
(1, 1, '123445', NULL, 'info about insurance');

-- --------------------------------------------------------

--
-- Table structure for table `consumers_medicals`
--

CREATE TABLE IF NOT EXISTS `consumers_medicals` (
  `id` int(11) NOT NULL AUTO_INCREMENT,
  `date` datetime NOT NULL,
  `accompanying` varchar(150) NOT NULL,
  `user_id` int(11) DEFAULT NULL,
  `location_id` int(11) DEFAULT NULL,
  `consumer_id` int(11) DEFAULT NULL,
  `physician_id` bigint(20) DEFAULT NULL,
  `description` text,
  `bp` varchar(20) DEFAULT NULL,
  `heart` varchar(20) DEFAULT NULL,
  `weight` varchar(20) NOT NULL,
  `info` text NOT NULL,
  `special` text NOT NULL,
  `medications` text NOT NULL,
  `referrals` text NOT NULL,
  `next` datetime NOT NULL,
  PRIMARY KEY (`id`)
) ENGINE=MyISAM DEFAULT CHARSET=latin1 AUTO_INCREMENT=1 ;

-- --------------------------------------------------------

--
-- Table structure for table `consumers_medical_status`
--

CREATE TABLE IF NOT EXISTS `consumers_medical_status` (
  `id` int(11) NOT NULL AUTO_INCREMENT,
  `weight` float NOT NULL,
  `height` varchar(10) NOT NULL,
  `seizure_info` text NOT NULL,
  `seizure_type` varchar(255) NOT NULL,
  `blood_pressure` varchar(255) NOT NULL,
  `cholesterol` varchar(255) NOT NULL,
  `colon_exam` varchar(255) NOT NULL,
  `prostate_exam` varchar(255) NOT NULL,
  `osteoporosis_exam` varchar(255) NOT NULL,
  `flu_shot` varchar(255) NOT NULL,
  `tetanus_booster` varchar(255) NOT NULL,
  `pneumococcal_shot` varchar(255) NOT NULL,
  `hepatitis_b_series` varchar(255) NOT NULL,
  `hepatitis_a` varchar(255) NOT NULL,
  `pap_smear` varchar(255) NOT NULL,
  `mammogram` varchar(255) NOT NULL,
  `summary` text NOT NULL,
  PRIMARY KEY (`id`)
) ENGINE=InnoDB DEFAULT CHARSET=latin1 AUTO_INCREMENT=1 ;

-- --------------------------------------------------------

--
-- Table structure for table `consumers_notes`
--

CREATE TABLE IF NOT EXISTS `consumers_notes` (
  `id` int(11) NOT NULL AUTO_INCREMENT,
  `consumer_id` int(11) DEFAULT NULL,
  `user_id` int(11) DEFAULT NULL,
  `note` text,
  `created` timestamp NULL DEFAULT CURRENT_TIMESTAMP,
  PRIMARY KEY (`id`)
) ENGINE=InnoDB  DEFAULT CHARSET=latin1 AUTO_INCREMENT=41 ;

--
-- Dumping data for table `consumers_notes`
--

INSERT INTO `consumers_notes` (`id`, `consumer_id`, `user_id`, `note`, `created`) VALUES
(23, 1, 1, 'this is a test', '2013-12-30 17:54:20'),
(24, 1, 1, 'this is a testing the test', '2013-12-30 17:55:40'),
(25, 1, 1, 'test', '2013-12-31 06:49:52'),
(34, 1, 1, 'testing againint', '2013-12-31 06:49:52'),
(35, 1, 1, 'test on the 15th testing again and again testing and again and again', '2014-01-20 08:00:00'),
(36, 1, 1, 'a new note', '2014-01-20 08:00:00'),
(38, 1, 1, 'test on the 24th for full date testing', '2014-01-20 08:00:00'),
(39, 1, 1, 'test on the 23th for full date testing', '2014-01-20 08:00:00'),
(40, 1, 1, 'testing', '2014-01-24 20:14:40');

-- --------------------------------------------------------

--
-- Table structure for table `consumers_pharmaceuticals`
--

CREATE TABLE IF NOT EXISTS `consumers_pharmaceuticals` (
  `consumer_id` int(11) DEFAULT '0',
  `pharmaceutical_id` varchar(45) DEFAULT NULL
) ENGINE=InnoDB DEFAULT CHARSET=latin1;

--
-- Dumping data for table `consumers_pharmaceuticals`
--

INSERT INTO `consumers_pharmaceuticals` (`consumer_id`, `pharmaceutical_id`) VALUES
(2, '2'),
(1, '3');

-- --------------------------------------------------------

--
-- Table structure for table `consumers_physicians`
--

CREATE TABLE IF NOT EXISTS `consumers_physicians` (
  `consumer_id` int(11) NOT NULL,
  `physician_id` int(11) NOT NULL
) ENGINE=InnoDB DEFAULT CHARSET=latin1;

--
-- Dumping data for table `consumers_physicians`
--

INSERT INTO `consumers_physicians` (`consumer_id`, `physician_id`) VALUES
(1, 3),
(1, 2),
(2, 26),
(1, 26),
(2, 5),
(2, 1),
(2, 6);

-- --------------------------------------------------------

--
-- Table structure for table `consumers_programs`
--

CREATE TABLE IF NOT EXISTS `consumers_programs` (
  `consumers_id` int(11) NOT NULL,
  `programs_id` int(11) NOT NULL
) ENGINE=InnoDB DEFAULT CHARSET=latin1;

-- --------------------------------------------------------

--
-- Table structure for table `consumers_users`
--

CREATE TABLE IF NOT EXISTS `consumers_users` (
  `consumer_id` int(11) NOT NULL,
  `user_id` int(11) NOT NULL
) ENGINE=InnoDB DEFAULT CHARSET=latin1;

--
-- Dumping data for table `consumers_users`
--

INSERT INTO `consumers_users` (`consumer_id`, `user_id`) VALUES
(2, 4),
(1, 1),
(1, 4);

-- --------------------------------------------------------

--
-- Table structure for table `coordinators`
--

CREATE TABLE IF NOT EXISTS `coordinators` (
  `id` int(11) NOT NULL AUTO_INCREMENT,
  `agency_id` int(11) DEFAULT '1',
  `fname` varchar(45) DEFAULT NULL,
  `lname` varchar(45) DEFAULT NULL,
  `phone` varchar(45) DEFAULT NULL,
  `email` varchar(45) DEFAULT NULL,
  PRIMARY KEY (`id`)
) ENGINE=InnoDB  DEFAULT CHARSET=latin1 AUTO_INCREMENT=8 ;

--
-- Dumping data for table `coordinators`
--

INSERT INTO `coordinators` (`id`, `agency_id`, `fname`, `lname`, `phone`, `email`) VALUES
(7, 1, 'Suzanne', 'Guzman', '530 675 2785', 's.guzman@sampleagency.com');

-- --------------------------------------------------------

--
-- Table structure for table `departments`
--

CREATE TABLE IF NOT EXISTS `departments` (
  `id` int(11) NOT NULL AUTO_INCREMENT,
  `name` varchar(255) NOT NULL,
  PRIMARY KEY (`id`)
) ENGINE=InnoDB DEFAULT CHARSET=latin1 AUTO_INCREMENT=1 ;

-- --------------------------------------------------------

--
-- Table structure for table `goals`
--

CREATE TABLE IF NOT EXISTS `goals` (
  `id` int(11) NOT NULL AUTO_INCREMENT,
  `goal` varchar(255) NOT NULL,
  `objective` varchar(255) NOT NULL,
  `summary` text NOT NULL,
  PRIMARY KEY (`id`)
) ENGINE=InnoDB DEFAULT CHARSET=latin1 AUTO_INCREMENT=1 ;

-- --------------------------------------------------------

--
-- Table structure for table `images`
--

CREATE TABLE IF NOT EXISTS `images` (
  `relation_id` int(11) NOT NULL,
  `img` blob NOT NULL,
  `type` varchar(1) NOT NULL,
  `ext` varchar(4) NOT NULL,
  PRIMARY KEY (`relation_id`)
) ENGINE=InnoDB DEFAULT CHARSET=latin1;

--
-- Dumping data for table `images`
--

INSERT INTO `images` (`relation_id`, `img`, `type`, `ext`) VALUES
(0, 0x2f396a2f34414151536b5a4a5267414241514141415141424141442f2f67413851314a4651565250556a6f675a325174616e426c5a7942324d5334774943683163326c755a79424a536b6367536c4246527942324f4441704c4342786457467361585235494430674d54417743762f6241454d4141514542415145424151454241514542415145424151454241514542415145424151454241514542415145424151454241514542415145424151454241514542415145424151454241514542415145424151454241662f6241454d4241514542415145424151454241514542415145424151454241514542415145424151454241514542415145424151454241514542415145424151454241514542415145424151454241514542415145424151454241662f4141424549414751415a414d4249674143455145444551482f7841416641414142425145424151454241514141414141414141414141514944424155474277674a4367762f784143314541414341514d444167514442515545424141414158304241674d4142424546456945785151595455574548496e45554d6f47526f51676a5172484246564c523843517a596e4b4343516f574678675a4769556d4a7967704b6a51314e6a63344f547044524556475230684a536c4e5556565a5857466c615932526c5a6d646f6157707a6448563264336835656f4f456859614869496d4b6b704f556c5a61586d4a6d616f714f6b7061616e714b6d7173724f3074626133754c6d367773504578636248794d6e4b3074505531646258324e6e6134654c6a354f586d352b6a7036764879382f5431397666342b66722f7841416641514144415145424151454241514542414141414141414141514944424155474277674a4367762f78414331455141434151494542414d454277554542414142416e6341415149444551514649544547456b4652423246784579497967516755517047687363454a497a4e53384256696374454b46695130345358784678675a4769596e4b436b714e5459334f446b3651305246526b644953557054564656575631685a576d4e6b5a575a6e61476c7163335231646e64346558714367345346686f6549695971536b3553566c7065596d5a71696f36536c7071656f71617179733753317472653475627243773854467873664979637253303954563174665932647269342b546c3575666f36657279382f5431397666342b66722f3267414d41774541416845444551412f4150372b4b4b4b4b41436969766b333972373438367638414262774270656c65416f4c6655766a4c3856646154774a384a39496d574b5a45317939564676384178546532387953784e6f2f6847306e6a31432b6c75495a724a62756654494c2b4a7253366c704e704a743749434434372f74642b4650684a346b732f68683451384e617a38592f6a6a7139736c787066777538485378527a5745457937344e51385a2b495a59726a5476422b6c744669356b754c364b34756f624a6f722b5778537775494c755477474877742b334638575a6a71586a37342f6547766750704e77513848676a344f65454c587842713170457749467666654c664556794a6f723049564d38397463617061504972506257316b483874647634422f4276522f672f6f74797233737669663469654b5a2f37572b4a58784731557664612f77434c76454e334b317a65764c66334a6b764530713375485a4e50736d6c434c476933457947386c6e6b62363130614a44747a31336454314f6348413664542b655257504d35766579766f6b3975313274572f77374c714c66585830322b2f762b58356e794b663257766931616f4c72526632312f326b725056635a57363171667774346930705a5350765361472b6c6163736b58497a436235636a494567786b55492f69422b32312b7a2f4b31373430732f44503757487732744158314739384736517667723478615a5a5267435339745044385454614a72373238496c6e6b306132462f71562f4949346f6458733133352f5166374c42396d335a58646a377035494f4d485042326b636a5036633177757271735a5a6b4a5571787752315030786a5051634850624e4454685a70765733562b576a54763558302f454c65622b397638376f6c2b4376787a2b47333751486732487874384e4e645456744f5763324f71366663526d7a317a77357130614b382b6a2b494e4b6b4a754e4e31434657444258335158554c4c633255397a6179527a4e363958354c2f473377377258774a385a502b3174384672463464633046566b2b4f766747785932326a2f465434664c4b4a4e58314f3574596b614f3338566548346d6d3153333174595a58574f4a7236396a6e466e50467148366665422f4766682f7743496e672f777a3436384b3367762f44766933526450313752376f6856655378314b326a756f566d6a566e45567a4548386d36673373594c694f57466d4c526d7449543574485a53537670733133582f424479652f352b612f5874397a66565555555659776f6f6f6f414b4b4b4b41437679682b4946332f77734839764c787071462b2f6e36582b7a70384b664448683751724e2f6d697466462f774154557564627574546a54356f2f502f73415432737262524c746577646e5551776766713958354579534e7076375933375939686341523347706a34482b4937494e392b36306f6644394e496c6d6a4842614f3176374a345a4341516a545135624c385a566d31483570333830315954366576355866356f2b706447757743704c456e4b6e507163386b3941656e5046656f615a7149514c387734425062327a2b4866763272353730765573592b596e70333950354d4f5431352f4931336c6a712b30443576544850587141656662714f2f552b32455a4b316e665476743058792f72555a376d4e5a7848743348474236446f42782b6c6372716d6f6839784c5a7a6b2f5849354f423048475063354a3975512f747235503841574e6a307a33394f756576623866657361393159454e6c6a774d636e304838795267447436383830357061332f726132766136303351444e5475597057654364493572613557533275495a56575347614334557853785452747553574e305a6c6b6a634d72495756675154586e503841775475316d5853504358786b2b4263383753782f417634772b497445384e784f537a576e67587854492f69447735614e49354d6b7067767a34686a6a6b6243693146744445416b494130373755444a4e476762356d6c52526735494a5a5163635934376b3541782b58466673477879332f77415a7632326645384b4136547148784838436548376134544a6a6c314c77766f76694a6457524747554a694772574c50744f373938705944496f7079626d762b337237375776743557587236366965362b6633663841443250307a6f6f6f7271474646464641425252525141562b563337614f68532f435034386644443970594c7338422b4b74476234492f46323641506b614c46663372616a344c3853366b774c434854303149477a764e516b534f4377466a61327a544354566c5676307638414676693377333445384e61313478385836785a65482f4450687a54376a564e61316e555a44466157466a624b476c6d6c4b71386a7354746a6867686a6c754c6d6434726532696c6e6c6a6a66387166694a4c38537632313742645738542f322f384b503255354a767450687a7752436936643853666a66466158435332486948785263756b73766862775a4a4e444864615270646d7a3346374771333073737a7a616266575764577a6a79395874387572387636576f6e2b4f362b54572f6c746672324f2b457374684f596d4f35515159335535456b62637134494a42444c7a6b4571447839647931316b414435782f33317a2f41467763345038416e4e66436e68333468654966326270626234632f4757505639632b464e7250396838412f462b32744a3951765044756d42696c6e3465386432646e464a63424e50684352326d6f327473466b74554d567261334563444a702f7742636150653656346c302b485750432b736154346d3069366a576133314c516451746452745a6f6e47565a5a4c57655253657841597372416f775277514f4e71326a424f2f6b2b333962727a505250376147333777336637772f502f50667469732b36316b344f4848512f77415850707878317a6e332f537564577a766d49566265374a4a41783554444250596c6c4148346d76505069463854766835384a3950625576482f41496e73644d6b4b734c4877395a7a52366a3470316d63634c6161566f73456a5855386b6a6c55656372486157323557753771326a506d55444e6a346a66456e5366686a344938532f4550586d33574f67574d72324e6c35676a6d316e577077594e4b3065304a42506d333934384d545368584676455a4c6c314d63456d5072483969483454617a384a6667423466742f4673447765507669427175736646543467704c484a444d6e697278744c446550617a32306a4d31726361586f74766f756a334675534446507030697371747555666c4c4a384f506a642b315471466a34334f734c38474c4c776465366434682b4233676a584e48744e6268752f45476d33734e395a2b4976694a5933734d3171723669495242623264785961674c53326d5147796b68653758562f314c2f5a6c2f6165752f6962714f732f434c34742b486b2b473337524867613253547856344e6b6b593656346d734645616a786e34447535354866552f44742f7669753267456b382b6e783363475a3771325a626b6230556c4b37756d39466661326c2f52366162614e3736335737376270646237582f4c61393939756e325252525258534d4b4b4b4b41436969766e5439724c346e583377692f5a392b4a486a44526a2f7741564d2b6b772b475042364c6779487862347a763758777234656e6a6a4a426e2f7337556458683157654654756530734c6a474d5a4362736d33305677506c50785a714e742b317a385974576931436157372f5a6d2f5a39385548535630714e332f414c4c2b4e50786f307a44336e32385a57485566427667435978777852625a37625664516161366a6c6d303635556a36694f4e54596d375647566f31524931554c464445717173634d4d5977736355534549694b426744755353664a2f68313448303734552f442f414d442f4141763070517474344d385032747271452b37644c716669532b55616a346c3165376b79544e65616e724633645864314b7a46764e6b64415247694b7670316864524759323675476d6a686a6c6b5159506c70497a4c47584950426b4d62684165574563684843354f46377474377436396675386c743031754c377232562f363762324d485850684c6f586957436533756261326e68754932696e743769474f61435a48795753534b52576a6b52763772676a676531664b4f742f38453650415633714d2b722b43377a7858384d39566e6435706272346465493772772f42504b632f504a70624c64615a44324a46686132426467437a6c7478623941724b62474f334b2f7036354f4f4f41426e3863484e645a61585730446b39546a6e766a334750352f7742376a6d684a4e3671362b576d336c743933714d2f4d422f3841676e35343375564676712f37522f7839314854572b56374676473030616d4c424a51764b7431466a334e75523077707a6d76525068372b7770384c66687a657272466c6f51314c784343476c3854654a627566784634686b5a656b696168714c79725a4d634463756d7732534d5143794d7967312b686b6c3647547133543147443136594a342f2b7432577565765a776338397a3350494f656f366578796535417a6b30326f4c5a64505633306572642f77414e62713277724c2b763037624c52657035565a65454e4c3056464555617379716551427a747a33782b6f7941656d51656647666a333848626a347661546f6d7665444e562f34513734392f44475a74652b45506a363362794c684c2b32426d6d384a61354d69753933346238514b47733779316c533467694d676e6b746279332b33574f6f2f526c394c6e4f6554686879635a3664546b3963632f696561342b376e614e784a4778563077364d50764b36734372416a6f56594b516532447a78534764462b7a4438657250384161422b476476346b7572412b48664858683355627a776638542f426b2b55765043586a7251332b7a6176597645355a2f734634797271576c54623551624f3557316d6c2f744379763449506f71767a4a736457672b436e375a6e676a78545a71746834492f6136304f373848654d4c5a4359745074506a48344b74316e384e2b494669514d6958336961785965484a6f6f30692b32333936645775576b6d6b755a682b6d3161776c6461744e70327575756c302f6d74653362734a6669724a2b752f3668525252566a4376684c3976554a4e34572f5a34302b3562476d36702b317438454c485656596a79357246373357706d686e424942686557434a324c5a56544772594a417237744a774366515a7234472f623453665866676c726c6e705133654a664332722b472f694634534b67462f2b45683845617a6261784844474343544c66365848716d6d572b436f573776494a4862793164576d5877763841726255542f77416e397a755876485069327a3849576e696e784c71675a34744f75627954795132325337765a3737374c59324552494f4a72362b6d67736f6341346b6d5542534f4b6d2b4771366b756751617072736f6c317a586d4772616979445a48455a305557397042486b2b5862576c75493459492b5371414d7a504b7a752f7a663477385157337879316a344b613334625a726a77443478306d50346e3373384a4c51747130636132456d6a586533495337304f2f66575675375358356f62325641366564614b523953325679736149696b4b714b71716f4247304b6f4367414841494141783659484841726d693072727265393739334670364c386c62613658566e7064726444675a427951447a672b33546e364563676e6f42573942664251446b635950337679504831347a3634344f6138357437774448493639754d44703036593536446a7565446b61386439783158497837634472372f6a6e385432744f2b7141376733774934497a2f76632f6867747a312f4476575a633367494f5433342b623850784f6550726a727961774466456a6b702f33316e394d6e2b56557072334f526c652f54332f6e7a6a507033774f4b414c4635636a427951423833663137354848547277523337597279727842346f74394631375464507670566a744e66686e53306c5a734350554c4d70356b5a596e415735676d694b67416b4e444b7878754f4f7875627a4f65526e6e716658483439534d392f5564612b55503271356232312b474576696e544a436c2f7743444e6430545751796b35617a75377464457534754d6b4b7a616e627973347a7453456c687442784c642f64394c4f39727652377061627258545632586b422b3166493176384c5068353472746d4d65712f442f384161562b446669505235302f31336e3375717a364a6332304c6a44375a6f3951573564465a51306c7044495354476f503630562b47666a767870642f456677682b7974384a726c4a49664533784c2b4d48687234682b49624e6752643666384f6668346b2b6f76714f6f5275752b335336615a4e54686661486550545442784c4930522f6272537234616861525841782b385550783047376e4836386533657461577a38724c384c2f414958567864583933362f716156464646616a45626f666f66355638532f7451364a6658326933545736735145636b594a48415042476568392b443656397431794869767776616549724757336e6a5639796b41454139526a322f7a31363041667a372f4141692b4c6c372b7a56346738516148346b384f6172346c2b4448694855354e5375625052564e33346c2b472b73335475313972506879786c5a667475685838704d327061564379504134335276495a4448642f6f35344e2b4b507769386657734e3934442b4c76674458344a30444c615857753275686135426e48376d3930585744616168615472306547356768634d6371684244564a34342f5a55744e56753572694333413878693251673735366a414f434f7037394f31654761742b77583451317952356459384b61566654452f4e634e62535764343233686439397030746c664d46484371317756544232714f70796c5376724733617a30576a547470665333537a33766f4c6262354c37765852656a3336492b773765466d47354e55304752534151306576364e497042364546627a7631486233485374464933482f4d5230556658584e487a78332f342b2b5077487058774a4a2f7754652b487a737a4a6f4f6f514b535349346645666962793042504372357573537674555941334f7877426b6d6f2f774468323334412f7743675071762f41495566694c2f355a315073354b3377364c724a3662663366495a2b6752563863366e6f6e3436377041482f414b564771306b546e2f6d4a614831373637704848342f617a2b58505874322b4276384168323334412f36412b712f2b464834692f77446c6e522f77376238416639416656663841776f2f45582f797a6f396e507576762f41507441312f702f3844312f70366662392f4a5932556254616c346c38493656416779397871506966523761465038416663334c625236635a4f446a424a4e664948787a2f61652b4150686e77377248684c54645874506a7034373161332b79616434453845496461304662316269475343587850346874316d30753373375735686a6b6d73597062725570334561507068745a4a5a347365332f344a772f44714274386e6865572b5a634652663635346c755931494f51664a4f7370433537596d6a6b58327a7a586f2f683339696e5239465a494e4c30577730323356686d4b77736f625a5778336b614e4661566a6b37704a6d6b6b5945466e4a4a6f564a33546253665633636e2b697639362b51745832586e712f77737631394435552f5a6c384a2b4e664650784d762f6972342f6e572f38636549664974516c724549394d384d36444435527466446d6952426e5333737264556957534f4a697276435a7070723237754c753975663371384a32386c7670467448494d4d496b423639514233347a2f38417272776a345866412f5466434b784e396e514f675535324473636a6e413536383550544e66544d4d537778724767415652675939767746624a4b4b73747650642b62383331475330555555774369696967426a78527638416652572b6f706e3265482f6e6d76362f3430555541483265482f6e6d76362f3430665a34662b65612f722f6a52525141665a34662b65612f722f6a52396e682f3535722b762b4e46464142396e682f3535722b762b4e4b49495163694e515252525142494142774142394b57696967416f6f6f6f412f2f5a, 'c', 'jpg');
INSERT INTO `images` (`relation_id`, `img`, `type`, `ext`) VALUES
(1, 0x2f396a2f34414151536b5a4a5267414241514141415141424141442f2f67413851314a4651565250556a6f675a325174616e426c5a7942324d5334774943683163326c755a79424a536b6367536c4246527942324f4441704c4342786457467361585235494430674d54417743762f6241454d4141514542415145424151454241514542415145424151454241514542415145424151454241514542415145424151454241514542415145424151454241514542415145424151454241514542415145424151454241662f6241454d4241514542415145424151454241514542415145424151454241514542415145424151454241514542415145424151454241514542415145424151454241514542415145424151454241514542415145424151454241662f4141424549414a384179414d4249674143455145444551482f7841416641414142425145424151454241514141414141414141414141514944424155474277674a4367762f784143314541414341514d444167514442515545424141414158304241674d4142424546456945785151595455574548496e45554d6f47526f51676a5172484246564c523843517a596e4b4343516f574678675a4769556d4a7967704b6a51314e6a63344f547044524556475230684a536c4e5556565a5857466c615932526c5a6d646f6157707a6448563264336835656f4f456859614869496d4b6b704f556c5a61586d4a6d616f714f6b7061616e714b6d7173724f3074626133754c6d367773504578636248794d6e4b3074505531646258324e6e6134654c6a354f586d352b6a7036764879382f5431397666342b66722f7841416641514144415145424151454241514542414141414141414141514944424155474277674a4367762f78414331455141434151494542414d454277554542414142416e6341415149444551514649544547456b4652423246784579497967516755517047687363454a497a4e53384256696374454b46695130345358784678675a4769596e4b436b714e5459334f446b3651305246526b644953557054564656575631685a576d4e6b5a575a6e61476c7163335231646e64346558714367345346686f6549695971536b3553566c7065596d5a71696f36536c7071656f71617179733753317472653475627243773854467873664979637253303954563174665932647269342b546c3575666f36657279382f5431397666342b66722f3267414d41774541416845444551412f415036412f77426d4c39714666472f683244557644397a706e686d3969315333384e585068534453357264625a6f704a30696c532f754330747a7146774c54587272555a59764476396e78766f736b562f71445738656d584e7839332b4576326a724c5839546b30372b797451754667593279584676706c3455755a6c4f6f4c3970653552487437657a6b6d734a374a62686c455032314667646f6e757264612f6e492b45487868307a782f344a7570504232723648702f696278624a5a4c7174313455524e563176772f4661746f796e564c6e5874413076544e54302b622b314773344e456b38573652726568547a6a557076452f695877796c7a6436684e2b6966774a66785834676b672f774345313854327151324c7a576e68655077316643625862434737523776523776554c79324668416d70366c66573976716c786678613570656c61684e7039766458646a6536627145576c3266384143486835346c63595a646e334457515538545379544431635a683842696346694d34723469686a635857727a68547131566d456364684b55385a556d734d316c58736f567359366d4a7155485663634e513565474f4a38586a737177645770555759314d58512b7452723061464f4e4b6e52696c46716436744e34506c66767a5873366b5a546c476a526a47454a796a2b33566e6452366e70397264716a52726451527a68485535546341537079716b674849795658634d456a6e465856776f436a6f4f42773265446a4237396363397a7869764a666872346e6e754e4c6b307657377930613530694b326147346c316e534c3238764e4c6e53583742647a5136596b55436f3864724f697a78677854334546797351526f4a594950575238334b595a6338465375426734494a41505135794d6b5a3436312f6f6a6c324f686a384a537170754e524a7872305a78644f72537277626856685570796a4355587a776b344e7855616c506c71553236636f742f6634656361394b6e556a4b366e446d7635364b5361765a5354306175326d7250596543442b48423638666833396a696b3449485847662f723835375935776533624e47336e496a4a4a77433231655143635a354249354f4f7779546a6d6a304f33766763443350726a702b764f4f61376a546c665a2f63526d4b4d395647423641672f77417a7830375936633068695534484766706a6f514f546b354f6671636d6e35412f685076684d382f6754363865326677556c523177436366772b6f2f7033353641696d704e624e36626168796633562f3443764c792f72587a49664951386b6e50546f447a6e36634450484f4f615177484f512b426a706a7231504235422f4156506c542f6439736765335038416e48366375787a6e2b677a317a31394f332f312b7255354c5a76542f4149482b532f34653548496c307331362f77426638417a33676b504a41363975774f4f2b416576346a46514e47344a34494a4863416a2b587467392b6e7057767448742b512f7a6e2b7662745362516335476339653266584f4d5a7a312b76345930566558564a2f3074507a366663456f3374716c5a6679704e3374665a4c627a3339544832734d5a5054324858716566797a6e7679656154485835782b512f7a3135396a6b3954576f30434e2f434232344f4f4d2b6d50304246514e6138484139774d39434f633542366e2f4f4f2b6b61305876703876547a39544e776c66613639563557383950772f4b67526e2b49592b6f4836446a2f4f4b54594f506e48586e4a41342b672f774139753571773044723155644d394f503841486b2f303938734b4d4467714d6a3635786e48544763592b673973635671704a32616c612f6e3374352b576e366b38736c7279745831307433572f587a367531396e6f563355384146542b495051652f2b542b644d327436443041366b3859394f654f3348504f4b7334362f4b50626a4f50586f4341656e5935395342776464767935396335394f656f37653535394f687252546c5a4c52726638414c747673533172724639745636622b6c31333066716c5732742f732f352b6734392b682f5367706b4159483664663841766e504a35366d72424177666c352b682f51592f446f50727a54646e5055394d357766584f44394f526a507431702b3058565035612f68762b667a4679722b36764a785731313175396237393331327441554a4f666c42786a6a502b66382f576d6d4c7468656339755078347a394d45564d517779534778782f504a394437442b58536d38385a3364733848746e49392b6f357832366b31616b6e315244702f33492f63764c2f4c3732797338485843386e754f66784f5366787741546e5074565a6f5a41443348494f4d41343535787a7a2b4f5077725335782f466e747837626566546e6e716658314e4e5a6477487934503039654d357867456465636461754d355232622b392b582b526a556f7036744e50524b31752f62627675632f65786e374e63417156486b536e722f307a5941386a506638417a7a52576e654b4461335149786d336c35786e716a6e307a78323578794b4b7972313563306446742b712f3450332b527979776c4f54753171724c644c74392b2b2f3633542f67417366432f7849744c6d3162777671666a44552f6a736e69487776345931665662722b7a4e63384e2b463962746a4c633674443469744e49314b35754c6544536a61506f766933564e5630794f3974395646394e343068384e723456384b2b4366432f3651615272656766444a666847666866384145377876386366466d75362f7055656f65492f44656d61586466442f414d54654e726255644630587850704b3635346a75627977753776566231626252744e31627731664377693178373232577951616d326d4c774e6838525a4c2f4146333462512b43764676673236384c5761654850484e7663617270566e716e687548777a6265485a4c76533946384e2b447644566e4c72523157365335304c57626e54394d62346665434c4c5250432b68367234663841454672663631625758687235382b4d666a6277423446316a522f445878433864367a6536646479522b4a3949307a3455617a593275673662724e7a706c786651337570654764616e313378466261726f64396f43366c71476e36793271326e6869652f31684c2b32764e646c307733482b566d5a346965635a6a674b564444516f31716461726a614f5559584452784f49396e547159696851776c6244724355616c476867616c4a542b704f7246314b69717a6e47704c45526d667a6257776d4679504c5a304d506a615654465661314c444b76696354474750776334596d4c6f56734e526f596e453059347176436c5670316139576a566359306146534d595256643150364766433337574867443467334773334d6669474b336a384b366e6f326b332f6a47383133777a4146317a5749626933756247353032383851614331335a546d4b3374356e7474326b797063764a70747871732b6b584e6a5a666f6c384e2f6952595166616276562f47476b33476a616739794e4c534f38747062693775625757534b39765574494d5059577179323836474f34386d346c756e646e74335552334d2f387066374f586862786c71486a6e78492f674e7647542b4176464b36627056745a2b497248545045576778614259364c72656c517a61506f563771476c617672646e63367672543662726348687a77734e4d745a594c6a54726178747447316d485662723957744c62396f7652394e302f77414b7778364e71636d6b78334e313461314456354c5051343747425a74455a70686f6c6e34546d744e4f6156494e5a4b57353176577255577437492f324c55644c5978365239567770346e51344278792b76595436396d4661764c46596a4f63504b72557a47565775384e4764444e734573787932684f68677166397154396d716c616f6d384c4e777255595649763968346434777a6e48595436316938426a616b3655717443644444596555735055784e4374586a434e4354634a7a6a694b45734f7164523045766155334764656f70775a2b2b64704b7437615774336250356c7663777733454c6a657536475a424a472b31677272766a645777774235364131614b5344377050343548727a2f4c4a4a72352b384366477130314853644b5878564261614a715461625a72714d566a654e714e6a59616d6c70356d6f57715859744c4b533674344a6b6b6a67756673466f3073616f386c7462744973513961306a787434593132473675644e3171796d68736e69533664356b68454a6e6b4563426b4d7851434f655168494836534d794253575a5133397a384d3865384a3857306155386a7a334c3864566b704b57466457464848526c546a4356567a7756575563524652556b334c326267723235354f4d726671696c61454a7a6c474b6e4254546b6e5430356566574d327052616a65546a4a58696b37374d36594e4b704741546a726b4135494741527a6a75542f41507270444a676a636f4f4467352b76356a6a6e47507846454e7a466351785432386b6478424e456b734d384c4a4c444e464b6f654f5747574e6e53534f5253485352475a5755376c4a427a587a462b315238533733776434437576447567764a48346c38585153616442504357535854394c6c6d69743955756f4757336c6153356e743558734954625351334e6731324e5453525774596b6c2b776b375254354c36704a5261764a757953325331627432363661474f4a784e5044596570694a796a374f45655a75396b303959326b6b37633131726253393962612f546d3943546c5375426e6a365a3748483538484f4478546c4b6e47325441344747417a6e4a353965763841516e322b585032532f6962642b5066687062364e3468694d66696e7749592f4475714e4b5a586c766247316b7572505264536c5734696a6d6a6e754c625435626134575a7269575765796c75704a326b75475350366c4b49514d48476651394f636363454430474f68393671554f5754684b366b6e5a36725a6456657a74625665545436324a774f4c6f3568684b474d6f363036394e546a665678653034536638314f616c435839364c7341332b7841485a73357a7a33474f7647635a782b464c75504f56786a362f774242303938667a7070683646574a49786e72783648707a6e307763636e727a51556d58484950586b6b656e302f4c4f54324652797253306b372b712f7a33382f6b627452627474354a57667a75767558343632484267665433357833375a4850484e47667032786735396651653330392b4b694a636376474d453967632f6e6e6e5074396355753950396f444851636a4834352f586e423536304f4c364b2f70726231742f77774f485a2f66303233382f6c2b5249546e71426a723137347a36632f686e6a74564f3875724b78686b756232614331676a5579537a5453434e4934777971306a73774156465a314473324175515749424271336e4a2b566c4f42337a6e71516567486f50626a73654b2b56506a587166696336727130476c366d734f6c61663462316d533773376a4b365064587030535a3949744e526c6876306b383139626130574f4e4934486b6134686a6b4c5270356a63654d7853776c4c326a747a53664a5455704b4b6452776c4b4b6262563738746b6b3032326b6d72334f66457a6548705372657a6c55554f586d35467a4f4d5a546a47565272666b70786b366c527261454a506f6a364d3044582f442f697a53344e59384f617a704f75365863466b6a3148524e5473745773486c6a495761464c3754355a37615234584f79514a4b77445942786d74567263484f4f78414763644d6b666a6b676454785835692f7374664737775838455068354a384c50464c7758586a43333154566462304477373452743753302f7479787634443546706f4e74722f69464a4a357a66615a6557373356337145646739784d6e2b6c525277336632623747307a39704434637a784e2f625770485162776b545236664c61366c714678467038346332567a654e5936613976627a5843787a71384d55313162777977543234764a70595a316a6e465a7a6c6d5859326c674d546d6d436f596a465366314b6c694b395044314d5a44326a7030366d486f317078715656556365564b6d702b38705156326d6650634f635334664f637077654f7845734e684d5a4b6c53575a594f4f496857686c324e6e536a5671594f74565435597a6a46383065666b6e55703874534d655763572f59316d747a6450614a4c4530365271356a38324d754154676b5271374f4e684933456f46586575547a557869595a345047426e72327836644d48727a2b64666e35384c344e617666323150456e6a4b4b48536c38496135384b6f7445306d2f2f7743456b764c6e563951754c5339742f4571334839677a326b55554e717961396332626953354e784664615a504d3174455a335a2f767258395a736644326e54616c667971734d51495641514a4a5a446e624645724d417a6e42593834565661526746556d74336d754570594b65595638626849344f4642596d7269666178564444306c54565371713156793549756837306172636b6b347652505139444b63786e6d537a4631384255774c774761342f4c5978717070346d6c6736735930735a545468443931695974537032356b31644b636e6f70747037676a6739534f4f4e7650636e6a322f7254534163386a715431484f667747507039656e57764b724c34312b46707a494c324b357449345a2f4a6e7541766e78514b4a46696b6e6e55625a3074376158636c3150354c517746515a4a464d735962313065564b695352534b36534b486a5a57566c645747355751706b6257424255676b46546b5a42726c79666962497549465765555a6a683861384e4a527277704e2b306f75546b6f2b307031497771525533546d6f53354f57584a4a7862746337366673617a6c37477247646c47566c4a4e2b38744c7050532f4c4b7a74396c2b5a5549495074375936353634786e337a3663676436626e48584f5351506272324f422b49344834357a63614a76513965707868766632794f347a2b67464d614d67454d70626e6b595073426a7163394d48504f657465397a374e53532b66705a612b6c7257376468756e4c58524f313774506d3758566f33665857397264544e757944625467643765586e4150486c7477526a6a6e30504646636e34363856572f6872524c2b38743476375276496f5a6b466a43356556582b7a764e756c524138696f6944664a6a6e5a75596349776f72383234713856654565466378686c6d61596a4d616d4c56474e576179334a73307a536c545535754d59564b2b417775496f5172576a6556467a39704653693551697052767a315a304b4d6c47725568546c4b4b6b6c4b5672786274644c31756e35707265312f344e7668742b305a38507072505476414f712b4e504676683353474e723479316e542f415069362f545574526b744a744d306e51486a73745230473230793331612f5732744a2f46307476724f6e58732b73617250724f687a66384a4e61537050794f6c6643745048587876384144766a70624b485576424e70347730692b747443385761374c34706655724c547261797646316678483467744e51744c434f44514567683854364e714b616f6d702b4b5a6459303356646274394b317a524530716235752b4f656f6641485837667762706e7767762f457754556f3947742f6958623339313462743733776a3850453072534e666b753953316e55723377543454384f3666632b497441307a775a7036522b4a4c50584e64734e54386561357045657272345a31434f3539676d2b4a337844384b2f592f48643934342b48576b614e4e7145756a324768614a715333756e33635436466532476a5875706172447076672f514c585172572f3841477766775a6f38486731726148546f7275447844724d51746f7074572f6a33455a545671595235746b6b4d5a67735a6d2b4572345a59584d6e374f7453626e5470327034645965565744784d6e4b464f3656504430595536394f5550617572442b57386454784f506f78786d4b6f553866546f796f5477574a793344346157496f3447684b6e4679704b72546a586f303578556f556c5570306d35537231705235314b72502b6c76783165324877757364573036317574582f7450547449307435764648672b3831547854347476745331505432314452594c4f4455704a4c505534704e57744e5875724f7a476b366e633356336f734674714d732b6d7071725748773934452f616c38576131346d385133657166453778596d6d6e542f384168466448384e766f6e682b34385436676c6c7247704a6477532b49744a66784264772b4c644768314f777464527444706b4165665337363375644f6a314736315741664c7677382f614e6e30687233582f44666a4b36314358573566436b476b663254724f7436786261393469756f46315858313158346d614e65772b4449744a3071353357746c344c6a7466446d6b574e6c712f6a4a4c2b776e74744475345a2b71384c2b44764248784d7574473859366e7033694c77354a3851504574316f66695732304f3331587770632f4337585037593851703471744c69432f31487852716433503467385532317465363771466e62577475396e4470706b73644f6e5032434838627238495179616e695a5a7a687354374b5561644e5971574368443247493968655561554570516c467756536e504555366b5953715164474d59596d394f583048462b61343258396d59334935567346374370566c58793276586e673846436e556e484455484b76675a556e694643556c43634d5a52685663616c477669614e50425472754837566673332f454f3938576644744e65744a622b4b346856724339547846716d6d61317261437a53614a64646c2b77616d386932747744354b6152654a46716c7648622b564b747773746e4c50383366473339737634622f41417a76357644317038652f4156393464315458724b33315533666a477a3069383066566d7537653874764e585550452b73367a637270387474503476764c6d487776446f64766132467448424c647a47323032363466784166696c38413947734e4b307961353855654537477765327637485354646179326e71724743364b74636176716433614e496f2f7446644e5357352b78685a3743477a6c44576e6c667a372f414c655077386c3851516a786a384a76434733776c6638416c583972345a384e65444775726e544e576875727a574c37553073744346375a2b4b6f3275376d2f7530756445307179625446314f6533733964764674355a342b2f7770794365663857526a484d383179624354714f6e676377796976695531556c4b5652527844703161565844315a52564b704231597a6b354b563679616853716548784834685a7451797a4a2b486165573471576334576544776d61314b384d5775574f496349316175462b724c3672587756567430385936305a315a576a434e4f684e78672f7743737a3967332f677144384b4e61672b4b6e3750666a727838766948346c2f732f65467447316d316134302b38384f3676343738504c34493048584c792b3066534e5a6a73667331744a635878657974694c657a3065473974644f754a6f37622b7a4c6d2b79472f344b412f4348397248786d33684e4e5130667733666146714772326d6e7744557333577557476d61317145615257576f337364745a432f613274454e2b6255336c767038365879506b775153502f4143646673432f43394c7a7870343938532f4662346b66486a34514a71566870563742346438573654636543494a6244556463545359303172572f4543575546354671647250445a61656f4e694c686d737637506d52624b7a73572b7964482f4147627646666866396f4851723734432f482b343856364e6261786f33684c787634413855616c4a5a2b4b376531315739686738535465463450444f6d3659622b6139744e57755047312f62366a48445a616c6f2f687936767453524e4962527a612f3270784278666d755559484e4f48493853346e425a7667754830734a6e6d4e7965645444724d4a356451553858694b31484253773871744c45314a56635061454d4a53724f4e4f744b76434b35764d2f34694a78724765555a4a6835594b705177633368613257592b4e576a6a737872537251564841587855614f4c6938496c4f6a6861383271654968476a376170576c375372572f6f642b4433376366776538472b4a64572b4866677766324871757461395932642f6279616c42716573334f705352367a71466e5a6166484a715772326d6f3373747530555832585437795336335845567174684549452b312f7033344d2b50326a366e704e2f7176694d747072425264574f6d52514765385749793355636c764c4a615354515374463556764b4c68686168726136676e6b52504d49542b632f774344663747666876346d2f467a34302b4b646174646138452b4466675a347030665150416e784e686b52726e7864724c573168726e69765859374c5564497476443873476c3274316457476f363959364e3469307a585045463963335674714e2f6361627173326f665776784a2b505877562b44746c61336e69373468512b45764433397265494e556a3144564c572f6a58564c66772f726b385564316157326d77367375725745386c6b6c6f6b756d7639703141584f6d4969704b6f30695038416c37686a786238594d717a6a4c387479664834376a5a31634a4c455972435a37547857625a6e546e697145616d45396a55774f4b55366c463035314a55566a484b706873524b574778464f546f77396e2b7465482b4d38536165427a4447385734504c364f446f3173776a6c56504c56526f52654577754b72594f65497865466853397a44304d58536c436e6a49564b4747786c4f70395a70747170536a483962744b2f616f38425461764c6f7575773333687936676773376d6565396147617968677670395474344a4a4a595a476b52664d3079654b556d4c39314973697546454a6b663357447876345a6e7537367a4776615973326d724331304a4c32434f4f4f4f634177796d5633455157566736523563626d6a66614474594438536632667669723843666a39662b4a506a46384d2f4765672f4572534c4733734e4e314b4c5430734a35644565776a764e546577476e783230476f72665454523230634e78714d4d6a33456d6d78323974665042613667772b6c394b752f443274332b72616a6d3576744f75725359335551386e374a624a615a68517a3256314462655864544c46354c7742354342484c436b45674f612b367a48365450472f43697933413533772f6c6d4d7a5776567848396f59584d48696373782b58716e53354b574872596243304a5370314b754b6c47554a5661555a2f563663314b6d6c4f47495836426b3262592b72546e4c48313876717176694b377744684b4d4a314d42547156344c45315a555a316163347974683033526a4a30347555716963704b45503039746456302b3856507374335a335353426d52726135696e44684e75356c614a323341626c7956794147587352567a45545a797135374544702b6f7a782b5a796578723831492f486d6b2b43375366557444696b3036534e6e6e69746254554c324f6165477a6945386c7a4c4470647a4c637979434e31613474704c5a7279346959576774536a7174653036442b307373794a44665774704a4a4a4b38454c7a336364765049664c7432696c533358393750437865614f52343469466b685a53345541762b68384a2f536e344c7a534d634e785068385477356d55566570374256637a774c643752555a30616178734a7a6a61626857777955464a52645353584e4c3349356c6750614b6a55786d476a583549314a5534564b6b6f4c6d6b306e7a7a6f3031797963573475536733464a754b756a366a38543674483463384f36337279325631716830665337375578706c695946764c35724f336564624f312b3053777766614c6b6f496f524a4b6947526c793254587876347575377a784c345531547864636150726d68366e385450444f6c76592b476454433357706145494a744d3157545374547472547a394b68315132396e665739354639735952533272514d7a4545743542342f384132697648577066482f7741436543394e65392f345150566644506962556646476e4c59364c487046725070577061424659616c71756f3674716c7464323064682f617158443231764531784d44424959476d6e3034314a342b2b4a7439645764746f316e647a57646864334b74704f7233555a6a6a69764c6d4b357662594e486554517070736b346b617a733076625672434b347572467232515453785062655a346d2f5363344d79484c3479792b6c6a63317a4757476e69736f773859555930616d4b55355561627a436361733675426f576a4b704c323049536e542f6871565232584a577a48435638506d726c694a716868366c584b366c5032644e7871313530714d7056614e573858614e4f743746536e4f464b4657647173566453666e7346743465385061747048397065476c6e31375562754c537258566454305879746c31592f624c6d313039723653326a6b616579743737564172793364332b3875723432734e7a45313869753144566441314732613638522b47744a314f2b6c68302b346a746d2f736d5458376538745561435053745069457467736b375864354b7349455673476c752f7370684d694570347234693854367672766833785070576c366866583935713269613030486961524574686f666a4c534c4b4f7874496453302b376b612f6a7539507572694757326973465274512b78334b57576d76447246776b6e694f6c66464f3475722b32312f774155576b756b617672317666617070554d4f73614d3272727155326961567065705848683666574c6d57445474456538733962734667735a323836494a7139713931446672445a2f776e6a504566695450754c4d7a3477784f4d7873616d4a727971527755737978574c57577978616d33683876714f4e444559584330585372314b4e44447870564b4c7779565432314f6370567667712f4575565a546871655830364642594f724b6c4a6637445364476164714d33695a716c694d50587857744255366b366e4a57654b6843446b3644622f527a345258756d615438593942316e554a494c5330304f333172544e566e68696165333036614c515a376532736d31463057366e64707459744241724930614a494a596977754a705639772f61582b4d4868585376416158384f7033695232383864354a4c4859796f62547972364b7a4d742b6b31713978446170356b69336b384d666d57316e504a654230614b45742b593377593855654c66696834687639625458372f52644a6a30335264647439497574436c306e564e57744e616b6d654f645575703775325853704c75523758524e56736d757265655a4c7774446357396d30452f7576784630667870724b2b4931735a644c4d2f69457a36546f636571327433716c72447056777478623354616c6458476d58747042593345652b54556f4949346f307433654b5455444c746d6a2b33706653423434793367624d5044364f47797557477231486871574e396c57686a4d747764584577723138505471336c685a53637156536e517644454f457356557154784e61635955364f75477a36574934667a6e475a50684b3671592f45342b6547724f6a52724b70575648324d4d52476e5178464e31464b6546703034516c566f53727a71786e516e47696f636e3537762b3244592f456a78396f757466444f38575365773137577445735043756c7732535066584e786f656c58566c71327051334d5564394c6f79324e37714e326e683162423779394f6b324564736c6a4d627a574e552f5933396b76396f6538312f775a7066687678394c593357756154644452622f785270317a6653366672742f65507074335a33746f2b7072455774496250564937532f6d45796d433973626950374e4552735034655833374d6d676644767842417576613934422b45656b576678413850654d66417470345374627678663467316e564a50436d6b3656346d733964316d3269385079364a716467644c764e546a577a3161397457572b69754a4466574d31754a3972522f326b37447874346738532f433734624c713633756757743972576c58635779396e314777314e59354876395275566d6c31625433307a5862765439643851586d72336339395a6d326c733176726a55626534693034794c7862343434507a716c784677786a36326459476a684b64584e4b5764554b6373505044347030635269714f4b7856476c434874497956436d3675416c4f7068366c475647704e30715470532f4275464f4c4f494f43733878654f34787a474749782b5a5659344f6a6c4f583170306c6d4f4e6c684b4c7251703550586454465a63366454427572484534716c683431364477744c4c3846546a6a616b702f303758666a7a776c5a52336a79613759534777566a6352515845636b714643413662512b43344a326742385a505869766d7966396f65667844725555586866556b69736b74377a554c477768677458764e5930364255743437325672313246744331786334694e774c524a6973506b78756a78584533355a58507865316e77723453316977317a55723355504532702b48644667385079615461615a5a58326f36787239315a334e7174725a367875755a5a6c754e61733231765272786245615a70763247376b7572424c6862717939492b433272654d66466e694d61656d6a326e686a77685a326474614e61333971317834714f7161587139346d7033634d63476d517861467075735132566c637a3239334e7174334c4a622f326264364834616a304b365739323852767057654a76485650423558772f546c774e673850566a56782b4a79544831566a6364694b64616c4f6a5270342b72516f346947475636634a2b78685155716a712b335370775647702b395948784a77325935766c3256595442566c6963536f72463452304b6b385468735255723149303646617237534f47704f454d50556c576c4f56573671554b744b6e557075555639503841692f787a4d756e36707247723355697a425a354c78744c5a4c3779594c41584e764d7278342b31547539314b336c65554a7259765069355346664d75474b2b502f474d587845762f414970363170666866772f59654a764330376175742f716b47736164702f694c5272714b33306c4c5753434378594e6f36504b39367346395a78543338397848637a61765932747066327437646c66792f6963307a7574576c6938546d324b7864664758784657724f74577a43764b6f366b34542b737a6f31617270596879684c6d6856635a7544707a554654644f2b474d3474346972346e454c4c637572786f346245346a43546e5879724d3858376572683672684f7653713450325644324e5233736f7555756456476e374a556d2f77435354775034642f5a4e2b4833677677506f3367654434653670346873645138492b49664757712f4642664676784238526139346774644e314274517674646975727a773370586870374332476e32636b2f68327a734e50736253573330573031445337694b573450766d6e74386276695034695477727131766f326a2f414162384c725a616c706575584f7454582f77396e6655492f4474315961354471656a72706e6a4c55376d3069744c47474c51626a77686f6b577461416c336158546a625a574a2f417677502b306a42344e76557566425562363231395a7852617670313662686e75316e302b36652b6c6c4e6a6357576f4c634974363168663374764650647646707352676d74624e6d7448367678482b30543467307255587466426574613348702f694c533944306e57744c75645976625551616a7078683147474339697662693253333036347570486252356a4a502f5a747579324d547a4e4555682f303278584250475031757637484d593475724f465756444d4d2b6f314d62697348556e555371564d484f4f496f2f564d52526f54725277307352484577564f564f68546a54705571644b5034437366346b304d5250444e5953745371306d7166316d6a504331594b6e792f75354f4e54576a446e636e5178635851724b314f456f4f314f6e2b2b766872786c633650385459703766783466412f6762524a4c4b482f4149534c513945384f61366b396f4a376c486b3037544962313437652b736a5a77583133725776336d76612f61324d7a36764659366e71307468654e39462f4758397348532f42396a706d6c2b4462653431567a6f2f6865617a317a554c4c51394c4869423539436e2f74706a426454586c6a6336683454316255627a533776575939516c30716135314f5452744f74355a4e56303962722b647678482b3037596150384966436e67753358567643486a5053395a76376e78682f616b392f625248564c697831537a753756724d7670477457437a57306c746f5530616179326b765a3664706c7a61327472716e327462377050422f375766694c5137545866684c65526162346a384a32737574654e2f43722b4c66424e30622f537458302b4b7a73726948534a4e5a31445635394548396e773232735776326b4f6c7450484861585531326b64727031655069764361706e47467756584d61754a7844797a6e70764278644f686873545368566a375847755561633674656461626a55396a5046716c794b724f697163354b4c2b537837342f725a4e693876646245303850475666453034307059794d363153676c47764b6c5678474e2b72596644786453633179387453554b5556536d364b644b58394966374f483756436674565357756b5830576732326f366e6f32762b457262573949753539465853374c5372625778426132317435384477737433716a58553736584271397a44484f74796d6d323830526b66777239706634542f4772514e4b3855335077747562333458615472467071593175787333384e65483949317a5659726977476d4d66456e6950772f3469315733763345646a64586b4d656e576d703668716d6e322b7152367659324c583271366434762f7741453733384733666950572f693570326f4c38503841544e4775394a5762776c70666851613742347a757645306b646e62365042343276496456305077314270757078575a385153337031613773346b734c6d2b6774345037517537542b6a335264612f5a742f6168384e6176344f384a4c3446314858356447314334306d50587452384d6174716472346775787130576f507158687a554e49385157563761774752494c713975644f38576142483974766f54707338326c5739704a2b4f5a6c697371384f4f4b4669594b564c494d4e57774d4d787056384e694d62683847713157556e46306c536c684b315a77554b6c4f53715370302b57467174436370716a396c3464384c346a69334c5844473572556f3851554d58577134476e693632476e6a635a684a4b5642303236436e6575335278466f315642316c5668656361557163716638752f375157722f414c536e78672b486a6644543454617238592f475769664458776634516b38662b492f4165712b4d66456350692f584c5054725055395576726943323076533757387350444d4e76663631396a66772b6a3650646f3736713832743355694835492b433337574d5877312b495877563033346f65494c5451627a3462332f694765483476654f7643582f436561316f326b616a34667659726a34652b4a76434f6b582f68717966515a6455665637335139586653764650696251746576644131754342787038554550394f586a542f676d5238662f465067323638476646332f41494b48654c2f4476773274377256377a57492f444868725376687a344d6e305336316d6539306277746f33677677583467384a2b4439503078744e734c43665735313850584e34623753784870634b36664f6c7566354c66323166324150326850432f6a6a563958384f3633384a2f6a5034495378734e527574652b4648785a384d36756c68617a366c4c70576d616471656b654b7466307678664a7155454b78324f2b3130362f77424e7a70742b74686533566e704e35644a2f586e426c4468666944494d526c6d473468794758432b4f713138526873666838776f527231586d4f467030566871617864436c566858784478557145637172717043546a4f6e6961484a4844776674356c77686e6e442b635570356e557864444279715638663841384b324d79325831656867565371526a684b5748785658473454443461304a564d5455786359314b31486d645a4b664e502b6f3734572f3846483466326a4c6e34626643503452706365462f44486a4c34687958666a667833596a7778714c772f442f7868344968385665443946303232385879786154702f69545434316d3062587244554e4d3139664456726f6d6d57326d614e665848696e52357446345039754434352b446645722b4e35666776346a767064532b446e77703854654c2f414236622f774141654639622b336548394c733748516454314b31317a5866454f6c33666857373050537258573954384b772b4674413066554271646d4e573033544c52312f7443442b587a34562f4866784c2b7931385266457669433438462f452f5876452f39697a79582f696a77317155476b773652347238582b454c7538767443384b61724c344f314c5164493853654874483153302f736255644861386e307939304f47545446754e4a73346f6b2b43664766375566786976506864346e2b4763386c2f706d6e2f414244385766384143552b503966754c4f4750572f475945545070476c61767130634563742f7046744c63332b6f51787947534b36653949557061512b564a686b5068486c2f4456574e446878554d506c384a3465744c47346d324a78655a564a74303674617457626e4f644c4334575073384c51584a464e786c54644f70557134682f30377764786a686372346177304b3873526d575a5a686870797259794873365370305a556f7a79366c486b6847484c4b4d71546336547155556e694b31574e657256634a2f73762b78742f7755512b4c48374f756d664544787866616e384f76684a72507849764c7a7835346d3072784438504e483044575045756a664662582f436c72345038414633684a2f434d2f68537a31436131307a346851654f394f306e55744e6b6962522f43766954564e4b752f44396c346e6d6b757633382f344a352f746a616a2b326e3450316e572f4465756164346838572f4465783157332b4e646c657a654a4e4f76707646636d6a58316e345a3144776e5a6548745276594e52303778464c6f3746507474785a6548343531766253336a314352724333755034466454385365492f694846474e58573362784173326d58647671737a5844616a6461587047676164346338506150594c50494c4f7a306e5162585349594e4f302b79695333697470594c5331534b793036336848394e6e2f427462703377357650434837616474385339596d306b6a5650677470316755743572694f39575344346f58743468557858326e7754577a615043495a627a5435497056764a62526e49754145386e3652584433444f4c34437a62695848344f6e504e73672f73367668385a68384e4b7269584446347643355a50437a396b7661596e4479703469645348504b4d6164576c527131707868536d35666b334575476e6d314368536c6a595535355a695a59696844455a6854792f445533583535796466463134796f55716461664a436f7557635a7a636f516a657134762b682f347266744c6178384c7449737248587465384c614871734f6c582b76543674656e574a62335138335637706c743458735a6446747453316a54376161613073744e754e653175537a696b735731545672644a4e453030336433385966384144576d73364434543076786271373375705866694c585a4e472f3452335634626534384e61645a61565064337632792f385166384a7070445738313961773369615270562f7743482f454e6e346e6730753674497a635336566461706638662b316438434c6a78334672586a543454654b745131363258524e5a73627135386633586837345932486962374b66465635737674542b49586a4477744265533644346a3154537a597a32476878615a59615870316a4e59576f476c7a42666a69792f5a672b4f2f697a776a704d3369583456654c2f4142446a544a354c47583455362f34533162545875745175625055724c55744e38576165757032384e766157647a4f622f52504337333176623656704b52584e6e59366a50456d6b2f774131384463492b48325a355a68635a6a383577745045315a3059346a435671754877754a705365486c4b4e443674693631484577536b6f316169556f564971644f4c6e51354b6b462f4d5764346a694c4d6331784643576159716e6838506761306373725962465673307773616b56684b556136723554484730635854685156577047636350374b70477065744c454b6a434a2f51622b78313855766a443856745538663841786438562b482f43326d66446277356f6d7157343168502b45523154562f467570534c7075707461782b4830385257666a4b307456306e5374415330746f66426c7261617a4861366d384e3962616a5a77326c316e36562b30625a664558776634763142394538616644574c5166442b732b504e615434784c7166686a53764366676937306678447139683469302b5766777862363359365666616a6257476c546548646375744c766f724b5078482f414750635864747047703658652f4e76374833676d2b2b4633686658353952306a51492f484d58776e38632b477643467264472b6e38536545394f6d6d643947314c56744e315051744e744c32343852786d77302f7741514477627038547978576176396c4e734e583078767a3338502f454c7839705878542b4b58784a38652f73686646583472654b4e61734e4c7366422f77717476442b6f572f7732652b6730714247677459394f744c6a524c4e6f4e65746256645968304b587737706d703337585775366b2b6f367643326757585478743466634a35356e7171355852776c66423444494d76684845596269584a7157427256335670776c52772b56347574686358537a4655366b7174584534374f4a59574f496936797757487935797739583968687870694d747950673741342f4e4d4a694a5a686738796a6d377159694d5656723470304b66316d7469495953706a5931365533536d734e67384f3576323870597556616255384c39512f454c39717a3448654c64432f746277582b304a61614271736668545839567550434e71377a367a715774365072467266577333677a54783468744e49304c574e5376744730754f58516e31662b7a39513037554e61755a356266554a64525744773334662f474c346b2b495047326b7765456458384f54336e6a653538617973787439442b492b6c2f444f386768765a50446169382b49646859782b48702f464e36622b42394c306255726e53394c306d4f3975645a736a71577361516c78386b66746a6646373474654c706e756254344266447634662b4e6644576c44777634793848326e684456626c2f4373656a6b3638756d787a792b434c5454645374376252327464447562315074466c703272586632564e5531485470597a4c502b7a5434712b4d506833773334363846664550786c42622b49646331526669486f6e673378705a2b4f646476352f457a2b4d39547350457257766762776a71455672356c2f6636616a654b623234306d367666456b6d7633556339316354615a623750744f422f43624c6f5a4a696173736d6f35335772716c5577325359764d63717a5045536f79784370566138612b5655634853784e4c445272306c54713469686971633656546e7053634a4f465838325749725a6c6e4e624453786d4771564b4c6868384c4c4459364f47784f4e7259567a684c475661554d785538424f5533395866504238315445546b36304a4b6e5558367936682b316834792b4664783451315878546f2b6a65457647586950775870476b2f4550786e346e3166774c46632b443479756a36766432657161666f32745865712b424e4f386136646f6b6d6a575555304d4d3033697566526f595974503852337a32327064727150786f2b50756c2f732b654e666a4c6153654d4c57303153396830447770702f6854527450316550776c5a32657377777874652b4a4e5369765045596738547a665a6f7264664467573273494e55743768486976377a513779322f4744396f50396b37785034793842617834386678546f6c3338515046476c6144714f74664337536448385865447871467864367a65614850346c31445478344b734974555457356244564e6276644558786e4a346a3076534630655336314b367531754e4d6e2f5562346666437530735067682f776b374e384e66684234783148774c34483143392b4776685834716645352f4248772b316a586277616b32696a5268632b467642326736386b30656c5461764c637961744a646549374f5a704a6e6d68745a702f6750454877737933677a4235526d64444c3367634c6d4762314b43797a45596e43597172546f30355950462b79565356576e696f594e7a786c576c4772547931344f654877564f6a546e4631366b4b752b5a2f3632345044356855784f615a78673154792f4e6c6c6d482f7462423461626e69634647583970526c6871536e57784371306358444535645661713138524f474a6c4f684a595773766e6234552f473778643857506850385550696634362b49486971786678646f2b76574d666a6e786234783848614f4e473166772f635738326e6174463850376e772f72506954556f3944317254504969314452566c76395a74664473747642634e4872327153336e33622b775438494e4f2b456677657550693938516b384f36353854506a646f2b6933396c346b307a5662415248516454304b50557450533031653331765562323531485537716530762f464d6c765961624f504538367a574b617149594e5875663566764858684c34732f427a784e632b446c7374622b4b6b33773030324f353851365a346330665650454877346131384558773172582f453272334e7642714e725034456e3132536536764a466577743545315270745462536462753472654c396a2f41663759492f6154384a58576a6152344c6234632b4c5068667076676a5766452f686255504572664476786f76694c562f2b4a4e6536647066686a783963364f7437345a73596455764e656c686c38547a7751523261546b3373317835396c7863642b48325070556e2f595661684c68504f63796a6973666a734e5577314c445950434b7052705a4e687133747139437243686a63565877387131536c53772b4664576a68354b464f387054387a674f64444c63797848456d593462465a6a56796c59355a445678745365496a376248596a465478574d7231363241564f5652526e694930366d496e7058713136314c4653714a775031622b4b33777738572f46585266445770366272333248786e702f69365078463465306652645a732f4457747261614a7146686254326c7465364a63614a61585767366e346368314b587846704f72366d2b6e61696c2f6236624e755454456774507333777464615634467352627a58732b6b616262365330476f336c352f5a3133643273386d7057747462752f6b7a6a546e6c2b30336c7a64744957573174374932784d4d56766278496679452b4232732b5076694547384732646838537a71336833587448316e78686f57736152626156346c3047665654716d74365a717574332f696a586d314457644d3169365334302b575853395a76764650677544784e6f397a5a61425a7961444e484e396b616c345a2b49486a6e777a344931445558306654396530653831535878704e71742f346d384f614c7063656b586c3562332f4149696b305856727653722f414650514a7265776e5856644a564e4b30786f704c744c434f56626578614c3844346779576c67735a444b38586d32426f78776c6172577154684f454a3061654c707872306c615576614b4f4970306e694d4f6c556b704f6674614d73543761453676376277706e574572342f48385134504a38544445347642302b6246596a452b316f34697668716c50435932315346475470347155717350625170315930366c4c44744b6e686e6870546e3949573369377765597669704671554f746544625854556653726a575045697861626f50696e52553036776b314c785234557662573676576a385041793363467758332f5a6455683354584569326b5675685752385872665468344f6767385936725034677534504456395a2b4f76452b693247696156444c617a6162653374334a6132567a4c63746f576d534262754e707a64706458466a5a78525353616f4a5a72636c666e3243773947636171725673553354725470526c676148746f5649516c70557153644e766e6d6d354b365335476c467a5335705878526e755a355a6a4b57436f2f366e59716e536a586b712b652f77437934682b33784d385136564f6e674b30384b34346232763157704f6c4f707a564b456e4b70576c4b5665742f6c742b472f44336874727142374f62556261614f574b5364357254556d53534a62725451546465525949347468634247646f54486d4e70516f575541313774344e384e615846727364757a6152653652637a3236366862616e70463031784a44477a4c6258467261336958534e6478325256376541334d6b486d7046475a3549586c6972394450446e3750384163612f726965474e4b3038364c714e7062327133736531456c6778627a506452444b777642495073714c636c33696c754a4576596c5a6847356e3945385a667334616e34616a3032396a735667754a4c4b4336744c465775704e5a54556a4a4861366e633379535469474c7941626546494c5334654c794c7931756d6a57655634782f734a6d764547417a4b63734c4770696163716c486d744b727a754e4f66384f71334763567974776c556734536c474b684b53656c7a2b664d3338586f3570444555614f437a614d595572346974557179724c43756371587358566e54776349704e79684f45597a6c4f6c704a3253642f4e2f4758776b2b4350694c784a34422f34586f326f65484c525950442f414a59307a524c5357353147655336692f77434567743954754c337842595070317444665354463074374364644d4d7435613256684241576d54394874482f5a762f344a32616838516e764a5a7249584d646e5a7666586a70483466314f316d66523369746257317462487834397559343545534331314249744e6b6d6547796561526f3462574d2f486c3338444c53362b484f67616a5961664e6365494a4c752f6731694c55624b4b56576c537a6e6e6d75375a356a645859643950534b342b3054774a4247596c6a747050743176356b6655614a2b7a3763334f686170385566456a58656e32742f63616e3453304454627439527674517549704c4f43376c314e6c573574746c6f495568304a5271614e62734c6f584b4a6479716f6a2f4143584d2b4476722b58344b4b38512b4b736b6a6733697344546557356c694d4e4445316354696146534d593056696e566b35716a506e6c5571565975437156476f5269365a2b5256655031484159664478783249717779796e6a35546a587848454558587056635468366e4b365742346a776c384c692b574472786b7075704a786e46303438394b702b776c74384c2f77426c662f68584869545364463858616a2f7768396e6354327257656c365a6236587030367a61684f3139632b496233773372713668346d31652b616131696e6e3137555a6e7455617963324b324e744e43382f77414e50685238425043646f64572b466571363334653855324c327874705043336a54555933696954534c4f77564c613255367131765a61767064726a554e51456f617767696c53384e335a58455676612b562f734d36446f6b3636393447317a7776715533676a5770394f6b68314b376d566c734e51384d2b65336d743466614754517452734c745a4c2b4c55744e7649444663524d747a4b38346d6e743476307238632f4566396b4c3968667766716e696a776459326d75654c78593369614270492b7a7a654a376e554a35686f6c383872363571555676702b6a45793663556868733174494c61317666735545685a49452f6d33694468724f4d757a544763505a546d48462f454f61593346554b6546776c4c4e35776f35697358527030756648532b75535648325653636c695a56614656516a4432306c476d6b66714841454d4e78446c395069764735727776776a6b65446f7a772b5a5979726a2b4c4b4f6230613147654a70555a59444331654b4a5047564a55716c4836723955717864506d6f306661653273714e36547862343238462b466257347576695638514c5477756253574c567454385270726472706c72704d64764c5a326c784c72562f434a394f687672324b3256726d4b57334d74396633456b30625844434f583435752f68442b796438573957764e45767a385076466474346773644131375672474f4958736c3966654770625a7254554c71323850785279367a4e6f746e717669613161356e6437684c4b37314b346b65424a356e4f4e3857766976482f414d4647664432706547597233346a2b412f444f67583269366b756a503469384a36506f6476636c6455744c6c4e51384f616470463965616e6561594c672f5932766451747261616542476e5a56526f342b782f5a352f5a38384d65444c54777834636c384965484a6643586850564964593852654c7456314858626e784a722b6f61464871747a6f666948576464673162544c4b7a73394a766673634e6a7056753974594e61334a4b523354322b70574533302b512b4250456d46797a4d6354527a4c69584c2b4f48576e694b33446643755a343746313848674a526f3136574b786d5a30636668714e58452b316346476c68342b37576c5254724e535652656c6a4d58682b4b654c4d46674f484d777138525a6268347a776d417a764d7176462b4e71314b6a6e54772b4e5748715962506364444c4d7663347557497156616a6f716e47704f556c56354b4576356450323964422f5a5966576f504236613948344b2b4b3377772b4b76786a2b46506a48774d644c317a7737703135384e596669463469386366424c78506f2f6953576139746646576870344d385766384933706437346a76313853574769364e3466744e5874744d3332735576777471636e77573850746258467848345331474f30574a6265366931534c553732396a686a52492f4d734e4e6d6b676c5859696f35766f5845706a79366e72583751663846753748396c6634786647503465786644377844345430373477756455384c654b39666876625453644676357465385432742f34566c385661354a427033686d3375744b6257745a68316e563952764a46303777316461426333562f6257566e484150352f66453377576d3850654d4c7677337147766142706346726658656c70727933397271586836366d73576b672b333666716b4e33434c7a547238776d34746279434b3474356265534b35526c5359592f744468366e694a35586c7444695045635135446e4d4d477035766c4f4d6c7a2b787871703070597165457155655a566350586e556c56704b4d71386c47625462647266332f7736737770634e354e5042354c77336d6a2f414c4c796641797a54427868567034624551777a77734d4e6d43784e57725477754b6938484e5464617253546853684e31703830705649764850695454506944346f746452384d702f7741492f6236565a44375866737371526d32744e696c6f494c6145534e4e4843343257355839344351586a51456e2b6a6a2f67674c38582f443377742b4b5878512b475774612f62526e78683465302f5450423367432f31614c7966696c34727564627470395238546158706d756f396d33694877763464744c75336c744c4932756f334769363549316c61616844617a53512f676e347138472b462f6774344275386174702f69447878346f302b53316a75344a6f5a37577930752f78446379366242623772614662693352466b7669306c7a4f4e714b3468615261363755666a423466735068763841732f38416a6277703431317a53766937384f3958466c6165455976446d67326d6e364933682b3767312b322b496569654e74414f6a612f4e66367066576569327439346638616164347375467637613431485276464e6c704b573368725365724f6544387638542b47635a776847766938466b4f4a707a777373797165306e576e57705370564d4a694652634f6565457034336c7056484f634b6b3454714f6c4f6a566a53717838625071575a634f77346d774e6570675878426e4752796f776c44435a5a6a316c2b4a7259764459717253703136384b7447686a4a595745366e744d4c546c4b6b6b71554f614e5373716e396f76375358787338612f447a577457307a775834597350426d6c7634656e572b6559365a59614e2f6147703650346a314f326a7434317450734e354c71632b6c327431424a48626f626834344c56517279327979664966696a39726a347136503463384d326c6c726e6957386e753944734c6257343762784671756d5756317131766654615862533272575771784343307374496774466b75346c736d5a6a496b304d6b5374492f334a38472f4658675039756a396e6e346666476e77663468384a654a4e573166774670656b654f50435631646a564c337744343230665335596275316c2b305864686461503470302f5535566547327535562f74684e516c3851615462366a6f756f3238386572705037456236397048686e546457384e33476a7977616d644f62574c473631776168722b6c36755970377543387334626135302b787432656437427273516c707845475a43306b63342f6c76682f455a4277624f4754635163494c445a316b574968537a42347a42346834796c4c4430353056696173635453654971554a566557705471527570553530635246314b55584a2f7743616e4576446e694e4469544d586c65477a47634d6243725577664c5572554b64483678694d444b6c52704c41503672674b7673314c6d636f59656c4b6c395a6f5368475657464b5832682b7978424e34792f5a6338552f453357377a534962416544646530757a316d2b385878337a324f716133427159316a5337722b30587572796464454556704731354c6458717933317a716355567558383235752f77417766685a2b7a6e346e38592f466a34362b4539523865664562776e666545394f54784a34472b49466a346c764830466450734c765449496456764a3274726a536b745a72715338753735745630354a4a476a76705a447468764376365a664233396d37346336526f2f78542b436e6a5778302f58394b693044777a4e61577572524a6457486879532f69385732576e334f69574c32424e6a657951326c77382b7157747842647463336277586a5848326547534c6e727a344f654866672f77444433784a344738482f414e7251616438517644636e685878586f4f7358396c6e7844702b727a78573939627a334b3373732b6c3244366464363561527777533363706a3164563142764a53317434766a4f4c2f45374b71664565595a626c31504d637670596a435a565170304b6547774e58425268562b715936726d4f436549396d384e566e676f4b685577474d7730384e576b3556616d5070595773714e4839377a586850475a74772f77446d4845325434645944686a497331705a78536f5a6855784759566334776674634450424b67734e686f5171596e46595442564b574c6f3170564d4d73476f5531695a307163582b466e375758686a34362f444c78527150687a535048466c7147732b4a376e533952385a36725a654a4937693576787255482f434e4d49343749327470625764777058584c713268733452397532544c476c747551394e384c5044576b667462664447485866326b4c44787672397a384f744a305877503445384f2b44483033537850707a2b4f50694a346c764c637752324e7663584d476e506365476a616c4a746b567064334d6274504470317042612f5350786a2b4148775673724249504476686656662b456b4d66687a53394c38512b664a4c5a5774354865704a6471412b325a375453726179315358553958745949344933744c61665456756c7534574f42384f746338656152346367384f4c3446316a784234643849574678706e6871353849575775615a71476b6549646238585461376458554f73322f6b584e3363334673397a50663356327232305638796d353361666332646a482b766348636434616a777a4374684b75487765633034306346484f63546c2b4479696f734c4f4e4765495549345847563379316c5456436b6e565873765a636956306b7677444c4d317a44687269584653714b4571464b4e64594c43632b4c7a6d68476c567156635138747a47746734344f746a5851564e5935596c5953547234696e54546349317139616c796b66776b2f344a38664476346e6642763430612f4434793033346f5866785638417a2b4a644a386170706d722b472f44397871766a75363179393851654a4e45614377304766536275323148546452766f4937497a6166703135444e7074766233567178723963332b4c50694b533538523232672b416632642f455068377770344e314f376c31375155384c4c64512b4d34644e753772537644372b465a35726b79324771337431625233494770766257557354586b5677367173522f4f66346c2f737558586a6557783150586248577647326e61576441302b31734265744b494e627466744f70704a72353143614f615249594e4274664337326d715846303063557266593450506b527265543479617a34653044396e6e537050422f674c772f774347766948716f752f44507848654b4b376a6153363058544e51753543326d526953776876496674463564663267736a4c623239754a4c49532b544f6b4835683468343744654a2b4f346371527a5447356a6a46562f7331596a45547654776d466e546f796f632f4e6a486959516848443471716f314f645045546f5534796b70336632755038544d386a527876397335526c755630387377645447307174476c6d5742713572536856686735526f7a35387a77746246547831654f4e784d595477634652574a6c683674436359535836687766457a7754642b45725738386457337730384e616666325676616d62522f48666872514c33554e51753947384f61696c7261324f6e615a657a616c5a2f624c725846754e5166556e6279374d51707030396d3137465a392b64472b413276692f7742433161397362617a754e453071657a3143342b4a6d704e6f65734457494c6d476253644b314674574f6f3366396d747039324c793176394530786c553354513230384e784e4a482f4f56346538426541764450777838472b4c5a62757a384e2b507641304f696178637a367a70736575614234696e305a726651724b4b78736c7676747054553174704c6d356965316b52356454744a375736746f466b6c503635654e50685a385076694c385074423862503471764e583075396b533667754e4d30324c53375855556c743562653251527953584679706838365557646c63534634344c79354632476c5a56543831346c346179624b7331792b6c4c45347557487255362b54777a4b4f4278546e537a444c716c436371314f6b71396168695a597642314977744c4671504c4a314a5559317145616837664266694e4c69366a6d314f727756776c6a3535646c57416e476a697358516c577857446d3631444659697056784d56694978707971306c576f55384c4f4647716f536c556b707739723958654b4e5a384666432f524e506d2b486e2f437666457236337248683277734c76565047576e614f6445445132304d30634f72683570504573306b6b483971786158482f5a6431504738492f666f73697479792f455456727652783452385861523458317a3750622f326650505a654e50432b6f777270377a576b476e434f31317a554c6e553534785a333474622b4b63533658715563393462757775744b765a744f484166432f77414566446a77336f656a2b473955767441625539566b73376d306d66535471643963336b4868796474504534756b75494c484332306d7052545752745a37346837512b54464c636f4f77385166442f526e74446f66684936466361366c685932656c5276487073467937335038415a3976716571545731357039316158453864754c6e564a5a4a6265376c59524377735937527a35342f4c63307856436a6e654f68547259685957564f6a6836574a655559576a484555365559526a55717977314f6d6f786a4b5570315a74564a7a6c6570576c375745596e324f4d7848455749773954485943474479334130734854772f2b72655234374b6e4768566e536a57725942555a354e6a4d566961324c584a576771306f3872564f6a6834714e614653486d666744555045466a6f6570584f72583131346e384d33476b36666236586f577632466e652f5a4c533230792b314c37567247714c3434317178317a5537473661305536774c48772b734d7435635151574f6f57467259516161564a652f4433522f6854703369445476464d69367a646632646243477a454e727039746162624b653069314f434f47346536677435626939314b4732306d417a3343514b747062626f4969344b384832466645564a3161574d77626f79744b6e4a35464f6e7a4a766639786d47475576645358504b6d35546c65626b334a6e3576504835766c56484434504851655634756e476f712b427a50694443314d56516e47764f6e4c52385034714e476c4b554a75464346586c7079356c794a747a6e2f41443965432f6a7662776547744e384f2f466277703465385261714c4f773072536648416a744e48494c514f64476a313337534a4c4f4756724239555a4546765978616b3845786944537758757a366c302f34702f4444562f4430656c33666843776c754266615848345331614854577672437a6c43365164536d7562702f39456b73495a425a744d574b5176706f754937737a326477415068362b3849615672747061577468723171794e4e7157745253574e67736b2b6e617070327243485334377937746f587549374854374f326d76375454317558736c67747a6450617262587a795858715868447764344675706257573476724477783971767a6133326c36727279615a5a334775506f56784846647957566c5a7a624e4e7572323474722b30316138745937326253504a686a676a76487662657639467334792f4c48676f346c79786c4b7453784c72796f345634694e4f4e5656597a6a4b4f47397054634953564f70546c5270516a51635734714d4b64574a2b655962692f4e715558372b417845765a55734a55686a4b4f4453713061314e786f796e797864536361644f61635a7939704f68566a536e546930765a72394576436e672b7a686d302b48785a4347303277756253585531625330756275356e6730364333744c474b3776466b68693078704a4c6d42624f525a59626457763368684b67684f3876377634662b4f49394530695852394f30767739665836793643326b57627958577336666333327336664861322b6e69346a74625365314d4676627958747562715361344e7a4d747661666133677277397642666933544c62574a37727845757636456d6865476674656e61427032703374316532476c744d4c62544569756e74726133316a544e4b752f73577061784f2b686c3564565a6f6c6d6b30765459333862306678523478683157473973704a445a65467034377252644b756261386e6c384c5761337a3274676c753837533330452b703264334a63586a7758556a576d6f334678635774754a3537554438787155616d66516e374c4d4b6366716e3779465368476547685271316155707451704b4374566c556c54353355684e4b446e474d335655457659346c347179764459484335552b48635051772b4b6b353479565444345445346e45564b56576a47583779684e536a676c673645367675314b645770695064355a59614d366b76756e785070756a2b45704e573054345a614f6954727055586d6162624f3170656156724d3056304c31376e55496c456a5279525864704a4a614864464b52634e4a35546249712b4f76697038417646667856756258553955386661616c7861797852584d4e7a7046773972615738567a665333317276674a454c5766326933754e51456149477337767a5561563756672f36562f73742b4862587872344d306258495668317655395368757a644e4c6358577152576c785a5372615261624935635452547a7a2b51514a5a566b6a696b5a3549486a4968672f564834642f73662b464c37346333476b654e7261336a317656497934316178303230744c7947613567686a7637794e5a566c424f706c5a3075595855785451334c677179374e7632506858776478686d6565314b47577a6c67613245684b56544f38626876726b4a516a43454b743630343159307130334b4c6f5536764a567274546264715535772b7179547767786e6942684d4c6d6d4165476f3564587738387777755830366b73506c2b466a506b7847456f66753555584f74576a5574476356556f305a303072556f4a776638414f663841436a39696c2f682f38472f32672f326966694e347175504358675477707232682b432f682f5a327a79772b49764766697a7844346d384c61546f747764514d555672714f6e6d343854583063445772584e79306f67534a6b67307859302b592f326950327474596c31625366415867665847732f414b323275615a64366461466c74626a55744d6d6730614f7a6b7579572b324c70743873326c336c7a475769754e5157375950634a44484c4a39302f38484f66786e6e2f41476450326666324e5032642f684e5a767063666a663477654b2f6966446f3269764c46633668632f426d3038503841396a32556f67563570346233784a3854344e514e73464b7a58576c577069437461526c503533746438506171756c6548504146756e3254784634542b48304f6b335a696d6a4d6965497a5a61667273393343366e79336e66575a4e6f416237513977486a614f566f784b332b686e42484457437932456662564a59334878705549343746566f7853727a70302b53465651356553507335637a6976656c2b38546c50564d2f5333774e685044544c366557356134724d386667734c484f737a6857717971343346346431385a556f786c4f584e44425561654d686861635643456138634e7a3159797153397a35752f62663842724838455044336974644e476f36386e6a693438562b4b3959686933584f6c51654a355a37644631425874326c7562435a4c5852556434626b77777a4a5a51535253694b4b53312f4a42646173596674526d30744a5a486a5a4c6456764c324f47416b45426e6838786d6d434134534e704e6732674f724c387466305a66446a577641767857384c7a615a38597644463772566c344375394e6a2b4d6e675853704c6d4b2b386265414a4a35724b373158777050446461646345367070317a6474617662366870306d6e366e4448454a4c4334686875452f6d7a385353614e4e346731796277355a36687033683262574e536c304454395775347451315378305753386d6653375055722b3374724b3376622b3173576767764c753373725347357549354a6f72574248574a504f3433776c46356e537232626c694b4c565278637164716c47536a793370754637303152613632546a4a365750313377387857496556596e44536c4750734d52656e7043724770683854545653457256464e61565657536c4779745a717a6432323531432b765567573575486b6a676a5743465a5a43775749484b6f716e6b4b43654f33706a4f61495a6e453862466a2b36774153634256504c59494947334f656e514534724e69475135786b6a626a38446e483079426e2b7653724b6a41474f6638414f612b64773171504b344c6c744a4e4b507537545572616161795633707139647a376163553230374e327464712f325575742b6d6a38744e6e592f515839696e39744c347066736766465454666950384c2f4530636479487337667850345131524a376a775234353061316d4d78304478546f676d677464517338764b3174657273315454626d567237544c323175515850384170566673476674712f4137396f5834486643333435333976592b474e4c385936544a4e44706876593951745044327636667146376f766948524c715151516d54374471634e315a6f4461323838384676627a326c74635165553966354b384d7a784d7051374d4871506c50346e766a734478303436562f51582f7753672f622f414c33344e2f43337833384b76464d656b542b4550436d7133486a4d7a366e63536d653230547850424259654a507339716975536d6e727038742b6c7a454a6358642f46626d425a4a6f5a5439446d46484a2b4b56674a5a6c6c4f58316335792b612b725a68556f7170567159614d584a3461704b7535537152684f4d616b464b576a707077746146764355466b6d49715a696c477468704b4d5a3071744f4534304b73716b465372513559786e43436c614d3663487974796a556b7053696d7639495878563847644e3178646338652f43653930465045666a4b78384d324c334f7379336c3334597566446d6c33386b397a444642597953346d7574507539527459705245536b3178766659305978384d2f4758777a645378366a346c306d306b313277764a727a53744b51466d6d306d4f493376323635737769794b6c2f614379657a744c686a357345666d7978424868444e2b44503743762f4141576a6c386366747a2f736d66732f664166786c346938582f44443477654f50466e686634726546764675687a514c706470653642716b336876556449312b36756d6e753955303757597266556f4a3757777335342f44746e44706d76584771366a66334d396a2b33483753486a6d587731345938555752734e5474592f43506a6e526b4a30364b57326761303851614e71737478635874794a6e462f4c617936507045654c6135496c754e5676597267504e486279442b63764733774f3463347a6a6c56664b734a6c2b545a334a756c2f616d4277394f484f7156616a537732477846436a395856656c4e315a7873702b30704f5643616b36644e6f386e6a544f636a772f434762343747345846594e553169635439586735526839636f5961766d324c78644f4d7164616a5355714538665772564d5251684b646568424b39536e68334c3566385a6146665436436448307978682b3265494c795077786f576a544a47366162706c74424f2b70366b2b6f4f5939543839495937774d346e6774356a6232567549345a373043507a75773050576461734e64756f707271303148563950735131396f666d576c3766525734306d376c753537624b6d306e6c302f54372b524838717a64356f6c634b497269507a6676576638415a7a385661636b2f6a4e5a7034727a587250536d6b5365366c31433668736a4c613639636d30683143356c6a6a566c31653773684d4c69334d4d73694632616138755a5a54587632643958384b36482f414d4a5661616c6377327a626a6332397246446478586c6e71646c4a5950704631496d6e4d3852747a654c66536168504a4a4e504e6132354633445a713864782f486d45384e654f4d444c4f4b4f4a34637a4c4355736f2f34554b6d497a484c3632466a37436e7931616c56726d78564e59612b4555314f5657744371366458326b6f3163565170503858786668376a73664b4f4c6e687174476e436b2f61596146616d347777386f7a703036394f4d6e536361792b73563672704b45505a554b304d4e51547030366c4f7234663841732b4672797738666548646630433446336558726178724f6f6131484c4b50455545576e5278326e326d615270396d7132397862573650476f68416b2b3133437847547a577137346b386366433036585a512b4b50683837614672567864334b6164653642704f6f32476e36764a4973317a6333456f7570624b46586b6c315757355a70596a50657138766d72445047523967667357654276436e6a58774a346d3856363144713270784a3478752f44326a51616a634f71574e6a6f756c61536c77326d336c74503531335a33317a63534a4a635358647731773973524b466b45696a35692f62742f5a2f6d385276722b68654376454548683752315a50464e786f43334631627a4c653237493037775376757434394c75344c69434e306a654f524a6f576e42574b43346b5030325a2f52393472777556354e785a694d52673657417a6e45345231384e684d546936575959434e576a566c477647684f6c48445038416355495470304b574971754353354f53686546425a6867382b796277737747665a54537765635368683853735067712b4577574a7234764456636456785642315855554954705368444554714b6e4f64577650474c457a6f7a7845616c4f5035352b4a2f6837384b6648576779616234484f6c32616264533857322f68665737426b3854724f35654b7876376b57463763572b7032343031727537307a5337533473456e6d74644f61555352527854773966384173313672346a38472f4432783841654d785063526e784a44636548724b3873703570724c77377144584a314754554a696757346d754c4e745346724b386a584e726278615a41374c6143316a5a76772f2f5a6c386265427457737257505674463859366265366a6f487779302f58394c7630314b367464533036386e734673644f7449705972323061346c6c74344631696531654e62643169654f4f614d4750392b50686a2b7a66344a384a5739767150695854744f3852654a4a624f5733755a704c4b4a4e4e7478503561794731744a544b38636b747442625730346c6c6e41534978784d7146692f76355a3448386563563471767731436938506b75477864444d4a5a7a6e7375584534436f314b64423061644f6c4b7469703134797130705367766568536c5471346863352b592b46764175643857352f567a374c7145654463666c644c366c6d464b564b5538757865437874546c70786c527031765a565a756e687672464347486e557776744b697178396e4b6b6f76384149693930627866597765457645336875373032337672695456724b62533776543779333032346e6945382f32684876444b4e4f613776384137545a516676304a74726c7265336a5a6f424e4636726f656a61543473306179386162726a2b302f44642f71384b324e6a505a5253337339725a7a44547246556e4d5839704a63537a52513238635957635062744a766a6b5a6d6c2f544c3478664172772f7744455051375331306d47323054554e4a58645a4a5a3231724462335153654b346a74626f47467731757a5279426743726c70535249767a5a2f507a784c345831503459364e385137574b6537734e557362382b4b494c712f7537614b3947725855636c716957313349577458674e6a5a326151786d52343534306c744c6d43587a35416678667866384142766a48777478314b6e6a7164624d737178396f3454695442595332436c5672586c694d48693354714f70536c5368566e536a395a6a43705568536c5570796c5461644c396e726344347a68484e4d5a696352556e6d47525663424c45314a75733673466d4f4277465046517847457775496e5557487845612b58314b6a70637970596c316f4a71456c7a542b612f696234552b4b5078623842325069693373744c384665507455764e506d30545350456c31614c713661486f3978597a58466c726b46326673443356314d6b656f322b6c5a6a65327537324a54714c326b7431616b7157367439442b4a586771773842654950454771324f6f687276554c58564e4d67314f52444d45696e73394b31714879486a735a495a4c614f612f744c7935694d46316170484f726d474f5679767a6e4b7364517747476544787631616b365661724b68537848447363633665486e50393271574972316f314852646e79516c647873334a336b32666a2b62384a7a346f784e444e73426c75665a354b74674d4448485a6a68654d737079664556737764474658462f77426f594635665570777850747130354b6443616f4f6e4f464b6a486b705171315079462b48436547744a3847535065366634586831697a654a4c6677337245577653587575584f70333178426452365a63614c6f4f6f51573430304e6452774c6336707063687470745273336b6b694e746258486a2f41497130335747385a614c34713075337437532f5354534e516769686a5649346e67754c3572697a456b696f58736b4c537262724c444b3063556363506d6772687568384b616c63367870576a612f72624c5a766f486948773763573936337978587954654b4c4154524e4953785754374e50667333326855566f456b42636230632b353642344538532b494e653050542f44384c61334a662b4d645430614b477a4e74397269305747367464526e31434a355445717778575674724467334677786b696975776a465944455037492b73596d6e6e6b5668735043766d4f4b7845734c68714d46576d36745737554b4650336e4671536c5471796934707a6b33485651696c2f4f574a7a537478426873756f307350474477736164427777305571324a66505470717256556d3575704b6333526a374f3048792b3163585671314a5036702b416e78503033783366743850764545463674794a5270706b6876695a6638416848347450466f624f774530547778534a5a764a6547654b466a63586474613354724a396769617653377234412f436a512f474f70586a654972364f35316e5354625261767147705069545849723231615765347430534b31655343485662654b7743573979306157384e7646456a78373138652b465077552b4a767736385433336a3753706246646530725676374b6a6731454f546452746133646a5049664b43467a63615471713672473063366f69426c564a4c69416f66307538452f416932385a65482f432b7558756e3666726575364e646174443472747a65546847766f376c5a4e476e736f7841467562613762524c43572b382b3463544c4f7a4d5742495437544a6644656c5877366f566344694d4e6d46537538546a4d4f36465444772b6f3148674b4f49396c69635043553854476c4445504552776e78776c4279584c312f5a4f454d506d33456d4470594c48354a517a4c4d3844556c58774e584d6163314c366f71763161464b453663314b574b6c624531617a56463161464c4475767a637335383331762b7a5a38443476425868627733484a4a44656156625746704d7335514c48716f6c6a533467756d5137764e6370396c334f2b3045497039612b32467531554b712f4b4641554c6e47304b4d4447434f6734774d656746635070393749756e325138754f782f304f324457555952557469595633573642666c43516b65576f556251462b55347761736d3934356c41363436486f446e6759502b666f612f7233686668624b75467373686c2b565556436b3147557031484b64537131474b69354f6433474b584d34306f326846796b3146536c4a762b37736b574479544c634a674d4842553656436853704b4d59387356476e43454978696e64714562506c553235626337356d7a2b4a622f41494f7a66464869545366326b76324a62327a6b75626130384f664337346e6139346175345a4a59397669502b3372647454327a4b366945772f325834516553534a6c6d524a5177654e343447722b644834566674413330316e65337576536170614e716433667853583872546176654e71635a696c6b3147463454597a32304b33544c634d466d6c755074554c75307a7871717866314b663848596e6879547848344c2f5a4838526548686258336948775a34672b4a4f6a367642624f38327261667050784b73664469364250633663494a6f483058573566683734743067584e3879774855786136634933625553562f6b613849654c664338506854527452764c6456766247785853626e51374b7a4d45783147305a6d75626c56684b6659377165345533456b6a4c4738686c6e4a793779435437484a4b72686a713948367a5470556e536e586e536b6b6f546e46304b56756a6a4f6a42786c4b4d57705646557061766c61506b4f4d364e50465559596c344376587256635243685372555a5339725470314b64536f6d6f2b2f463036315253707156564f464f556179566c4b4e2f726e776e385a7464384c2b4a46386557756b3666723830466863366666582f41495a59724472656a36384a625857376278466f7a4f39363839784373576f65546f6b4d52303356644e73372b47795a595a6c6e2f506a397066346644777a7248676a78645a61685958756966456a77624472656a4e62514c5a334d646c3464316255764246764a65576f69684c5461705a65484c50576e31416f783143625572695734633338643669656d3248784d4d4e356633656e5466447634667650484a484c7265743275702b4a50465672437975727957656c6b505943396c5669416b6b415a6d6362574f4661507a795077443851506a7a343430727754344475645431327867463544345676504857716162344f303635764c35787157754a594c717570572f686e52473166784264584e304c43307555627a62714b54555a326d616163656278524b6a6a61464f6e5170314b3164565a4f4468474d707a555638584c706948546a474d6e64303478546362564a58536963495965726c654a72314d5255705958444f6a465650614f55615562327444326a5831525666617a556c476a586c506b636e4c44303034314838794b6f5559482b66362f6d53616458716e786b2b444878422b41766a69392b486e784b3069445366456c6a5a366671444a5a616a5936787074315a616e6152336472646164712b6c7a334f6e61684268337470706253346c5343397472717a6c4b3346744e476e6c37724745685a4a444938694d307162436f6859534f716f474a506d426f315758634141752f59526c636e344f4e4f564e3873315a72704b796162616130365876362f676670555a7871526a55684a54684e4a786e4638305a4a7136616b72717a53646d326c30766579493630394c316a5539476d755a4e4d765a374e72367775394c753267646b2b3057463945594c75316c485234706f324977526c48564a554b79496a726d4867452b6c496a5a4b2b75415439636759392b632f6c564f664a4b4c546b704a707072527256527533305876666e734f5559796934796970526b724f4d6b6d6d7439552f4e4a2b715074722f676e762b3052482b796e2b32482b7a35386537754b2b75744b2b47587855384a2b4b6464744e4d38762b30727a773561616c48622b4a39507354504c4243626a5666444e3372476c4b6b733063556958724270496a746c542f574338636644373457667454664472776a7156376333577265445045326d3644347a384f6172706374765a7933656a363161365a72656a336c71326f3664652b5661586c6d4c533661324676444a495a68765a4842466634322b6e7a6d47356a63456768385a4856636e722b514744327839612f31782f3841676d3334726c38512f774442506e396950567053306b31782b796e38426f626953512f4f3178592f445477337038374e756663325a725a79487a79506d414962466651356654772b4f777277324a6f77714b6c55553475386f754b556f54687938746d6e4770486d6a4b4d6b313332532b657a536868716e31334234366c537865585a70685652784f44784e4f46536a5853547056564f4d347453685670546a5371526161616a4732725a392f4f6c684a6252576b3176424c625178694b4f4b574e5a4652566a38734c683159456251467a7a6e4149354149796454306a53745230612f304b57494a5a58365975466a5969566d55526556495a4844376e6a454d51517676565934343032375556526d6e555577636665794d63346247636a4735674d5a48316f4770446a4f376b5934584a424830626a30355050593136395842596174477043725268556a5670546f3145347138714e57504a4f4461562b53554734757a576a7465317262504e49366155396c42576a46365753533175724b4e6c625a4b316b6339384866686e34582b4366676179384265455a64526652374b38763952563957753472322f6136315736653775684a645257316f7371527950354d4447487a42424845727535556b2b62664776344f5876784176356458304b2b6a6776622b776a30322f57365a5a59676b44723563735555377243664e747650734a5932446f4c6536756a354c7463534776616871497953632b683432386a6f4d62736e4a474f4350707a5454714b6a4f4f6663354237386e6b6e6b48484a2f453831355763384e5a586e75577779724855363331616e4f6e556f536f5636744f766836744a53684770537252626c7a4f4535776c7a38385a776e4a5369307a78735267386e78475455736865466f3063707739476a687350684d4f2f59303850536f51564f6c476771646e536a5368376b6554345975796439766e72345666737a364c3447314c2b3164617537585742444b6451744c483744476a6632383069504c723131646833613576775949767368324132634a38684a4345792f316f4c3048507a2f41463548422f756a6b66546765326331782f3841614a47655232504136352f3443414d644d6454337044714c4872304765547750626f436563347952565a4877336c5044754665457975684f6c43636c4b72567131716d49784e6555553142313852586c4f704e51546168486d55494a7961536c4f6264354e517976494d4a3953796a445563486835565061536a4274796e4e32316c4b626b3379787447454531436e464b4e4f4d59717832483231522f45446e4833694f526e676a6b2f55394d3968327235752b4e64684b74316261335961445958776c6a6857376e657873723657346c744c6945513230304e79344a7a627a7a69426f6f4c6f71524d685747575746705058323142786e42786e6e4f656533514d75534d64687a7a77505443312f54744d385336644c706d72514c64576a6b713646356f797762373457534978535268312b5534644747355342754756387a6a66686d504650446d4f796d4d6f30385255396e56776c65566b364f4a6f7a6a4f6e556a4a30366a6737707138594f39375354673552652b5a596d57507764624463363570777654636e46526a555339336d6268556c474d7459314a4b4570716e4a387175326a387a726a2b7a624b2b766c4f7361585a5865727a7a425450654c7072327a61574c71367566734b585538467266576c31446372433978486552756b54424c653375706f6d69425774385776432f69375176466d6f3631642b466c6d3072515576727653645930677879616a5a69396557574f38743261326d6d2f7443776c65472b675a576a68696c68645151794c5047562f6e6e6a385477396b6549715a48784e7765345a6a6c565774516e6a6158447541727a7a4679724f70577846614f615957566169343133576843464754777a7038726f3873476f7238426e694b7555597a4859616f735a52702f57352f56344a34764463314b48497031655634764451717871346a322f4a58684b713577696c4c3255595270782f6e42752f6854385750444f6e52792b4b50413369727770346631644e4e6a744838553644716d68322b727961626578547958476954366e5a3236366f386b647064545351577775536d36517962493145692f5876374b6e6872785034613863614250746a476e32737478703970665063504c6172644e70642f61587a475570435a464d4e3763785377375655744d526c5a494935427166432f58395338572f432f77415361504e3471756232793079376874374b4338314737756673312f623346302b6e6170446279334e334155534f62556269336c436559494a6f39796d4670504d39432b466667487862707669574731306966585a6e764c7153383156624f7843327046322b716d343851524b6c74634c746654697a7a774e4849346b31686f496649614c352f774251776b63526b75666350565a314a30712b4a72345446595677777453724c455659756a43556f4c326b5847537573453365636d716b4b76733353636e442b5563713466793272693876782b54517a624559654c6f31366c4b76577761786444453071736f75447159645268557079564a313655345561556f7856705364576b35542b2b764476776c3166346d4457626d78314b3674394f7459625739743771347362736d2b754c4b326449345557573873643131444862785a7550506b566a65514634466951724c392b2f447634636548766832623266544549764e52596d356c4573685461524342484772386f4d777873785a35576467534342745665492b45566c446f50674c514c614b4353336e65796a6135463367586a544950495a705a4e717953683068526f336c4c75305a52743547415054503753786b6348767778786a7667426a6a484a365a342b6c663156776e77486c65547a6a6d3953654b782b6159717055787972347a45567130634c4c46796e55634d4c516e4f564844386c4770547738705571634f614e4745725232583970384b594c4c4d757757417831544459654f5931634a68366c577443455536626c4356546b70755463344b4874355273337a4e7138334b587648652f622b414d35417a79547a7a324c42636e49486334427a6a47615a397458484c5a417a3050594850633448502f414f76504e634964557752794d45397952395230794f6f3535373830372b30343250424a4f65684a4f632b68424b2f6e313735372f6f5454547331622b6b332b657672356e3345633370314c3271752f6e4a61375833737574742f50552f48502f67756a346638416a78706e374a2f6a6e34722f414c4f33777874666942724d576b364834622b4c743561576b6435726e683334566146503473314f36763841564c4335572f6838522f444735307278583437384c66454877765a365861366b30586a44522f4745506958526f7642442b66384135786e6832587844346b312f557447754e566730573731652f6a756279366b654b3375357239456c743472614f386e6c57593346334d794c506358467938307a2b6264584d3030386b2f6e2f414f76503478385a5876686e77483474314c5434684e634a5a77782b57584b79535276396f6a5a597767624a627a4652515341586446494a4f4b2f7a462f322b766835384e2f446637636e78582f7337554e48304c776434776c31547876724e747074704f31723450314c5564566b6656374f317437614b31696d7542667854616e5a574f6e4747336a6b314b5052342f49454f422b5059626a56567646374d754135557051574779374c387a685835716c434656596e445556586f316130587a526934566d3156584b6f577178664d35612f7356626843724c7769775869485371777255566d4f4a796a4555705270346d72537178784f4a7134537668734f3433717a684c4457715562314a546c4b684e4f4561637a3551682f5a2b386661564e5a3332747861667074724e5a4c72637572612f4c62505a3664705a79317265366d36545443792f744a6c4d476c3231793864317146784c417361685a6f354468615872666a4c775a346d6a734e536a314b32524e576a6b435353543238454358647a4664325635626f306869534f3567564c7131756251523734434a466d654e397833376d2b3137787a66786163742f7175712f442f414d4d78706436586f2b7336392f61476f61686261627046754c625550454c7854544a4442447039764a654e614954702b6b525063615270386a37326e6e732b49373377676b6c70425932634d64684449736a54574b76765855486a746c653774306b6c676c4f77504848476c776a576351423869494e4b376a396770554951565045594a7a77644b6c5754547231354f6549667579714f4548437a70633865534e5763755a72586c6a467076386a6e5872546c4c43356a436a6d46537468354b634d4c686f787034534d704a552b61617175587435516b705370526734526b326f314a53684f2f5566472b542f68615068732b4b6c6a31473531767776623476377161375672534f30334f393939726c3143627a596e6e6c5837545977327a7362715635424862522b6243626e346f32735478365a4134353979612b6866697034442b4966674c52744d7666456c35613375692b4c594464574451336341314333694a57534a4e5930754e7a4e5a544d725048437a2b64413453614f43354947302f506973416432546a5051635a427a373844366576664e664f38513134596e4d485656437051712b79684774476f6f7863705276474d6c474e315a776a4663366c4a5353566e70642f52634c346434584c49306f596d6c69734e3757704c445470796e506b684c6c6336557054355a586a56632f6363494f6d3778613674664b796a6269515343414d6454305072307a2f4d564368345567444f63443377542f504761633775647a5a39426a6e31786e6767665875653152355a566a596f3278772b3139703273464f47326e67456868676a6b6a6a31723575556b357032625356354e3374474c63497036624c6d30375865723152394c726f6c33303962582f4a58394533334c636369726869537a636b42636a4279635a504f636567774d38484979442f7152663841424650346d532f45582f676c742b787a723070437a6162384e3951384579524b32466a5834632b4d2f46506743322b555a4b2b625a654772613435494a4577505267542f414a624557316d566a79696e4c41456a4f4f3373654d636a6a72396639456a2f41494e792f6950704f7266384536394838417272326b33336944345a2f456a786a5a61726f6c6a64783346316f476e654d5a625478706f69336971416f532f6257645532756e6d524a663265716159306776384153372b4344364c494f6170694b3049336b7659383755597432697030317a7961765a4a7a55566579626b6c65396b6649385859694744776d48784d6e474e717a7075633557584c4f6e7a4f4b69375862644f4c6238724a336150364a2f7743305051746b41444a634163342b687837597a33427851645149796434374144635154307a7a334936416b594f526e4a362b64747253635a63625144314b3534376b726e503434373537436f6a725559786c2f7068733442424a486366643663444f4b2b796a67354e4a754d6e667470327376752f5066545438326e78525356763338465a7136584b3239744e644f39374e4f36365850533231422b7a625477526c6932656f774267644f4d6a6a48754f4b542b30477a676b48505844484f514d67454138665448485943764d78726159487a657541574f515153414d484f667031783764542b32526b345959343764786a497a6a6a72672b75656e4a7176715537573557745871393962647272545874313074646d4334726f364e31627261795376644f4e37653874724c75322b69362b6c2f32672b426a6a6763383848305071542f75395478363066326b772b3967353448486275636e35636b44497867343747764e68725247506e485139696348332b5948382f77444130673170634547546b416741385a4854675a4f63453942794f4f4d43702b6f314f36666f74656e6e70313639697638415732696b37564664326571696e3030336131313175766c63394a4f704d4f53514d392b4f63357a6e7236593966626d6d2f7742714d70346b55644d415a795231357742396541547a6e4665616e58467a6b536e4b34774d35357a7a3872634563386e6e67642b6c57492f457979334544366a4e637a3230546a7a496b64417978484735496c506c6f6974675952476a58433751385a4964565042565952353148326b59786c4b555979617174714b6168546879754d35796b6e466331534331567058336450697243315a52684c452b7971536e536a4763343033526970546a43633639565665656c436e4833334b4e4771327446474b764a646a714e31625864746452334d634e7847385568654f5349534b3231477875563159484841484178325041494b3433567464306c343768644e6b762f4143326a7543446477514a4b64774f7843304e3763495246474d627847474c6c38686c32375375542b7a634c6a49777231734265556f375972447756574b7664786b716b4c72573730646e653636577245385134656e5871557056384a696e546158747145714f497054756c4b384b716176485865797671374a732f4e7234472f736f614a34644c763479306e5370626a526e68744e4e4f6e2f626f31763841544c6947797630652b5a78615353336474496275796c5637555162666c456154787263743932365a702b67364c48464870756b36645a2b5462705a6f39745a5773456e6b4a7449674d73634b7359397971336c6c6775396337654161344e2f4555417a682b53427a7752334744744f4f44794f4f446e7267696d6a78417241344a37644736385a4751526a4f65414d6a4a4f414f6772792b47664437494f466348547775575a62546a4b45357a6c69385176623479724f6335564a536e694b696c5554626d37786734517666335566694f5735786c4754556f346642526f51744730705270306c4e78707138464b566d334b6e4730494e766d6169704e74747339574f7242666c4445414448446256774f52386f47426a75426a70786b346f2f745258355763714d484a33344250544f636a6a303739754f6365552f322f6e634474786b46547a307a7a6b4448354450355a46525072573462566b546b48507a4e6e4858474d6a7363426551514f4d6a6d767256686e384b307470354a61573966542b6c365434315356314c6d5672715050797936614f3276572b69374b396e6339632f746933694c42376a654f7531517a5a4f65426e6e4234393831576b3852776b6b52677142676e4a55456a5071536563484247666176495271374134334b635a49777778786e414858727878376b443571594e59484f35732f384347305939514f77373834503556554d445353626e7a31576c316253766670474e74316f6b3233665a366d452b506351344b464c324e4b4c746436796b315a576935796b3572547046573130523650347574323857654550456d6878764d5a4c3353352f4a4542496d4d734938344c45564466764373627168322f6559415a7a74502b6566384138464a2f326674582b456e37573272326e69545462325053645730394e5830752b75326a756a714d5361786f4544536c7046524a524671643347747a62536f343872356d61565877663941767737347a744e4f76346d6d5153526c6767516e35634d634850583554755962694747534356595a46667a53663846774e4d384b2f4672342f6541725452706c303635692b466e692b362f744f6254627133673145614e346a3847617a6152787466774931316258463370625756744e616942726a7a7032676b6c744a6f70482f414a6434717746584a50704a3845356a5370705962696e6835356269614d6b354b72557975726a4b33743072713770303559544431452b5a386a69374f79612f7576776a347070635866525938547373715968317038485a37517a2b47496f793937425478634d757730614c73704a724551725a68587038757674494e62715358386f7439346d68736c385361497468626d363132326a735a39565733747674746c616e374862334973316b614b4579584c323732736b627a514e48627a53525738304c785a727a41366b326a49306951326b643362336356314841626479695451526f4946644a45693353524e45724b5a506b3831575a6c4f57423366484d4e7070646c716c30775333315766585a6247437a646931796254546268326e6d754948416c74533177306179736a425a70346e6a42776833655079366863537754427a764c7577334e6b6c417a456b4173546b594f465a7373764f4477425837786d6559756a695a786c4b4c6e3747633463696a61455a747544635647367153616c4a756154744b4e3946464c383379584c3456634a43704744354a564b634b764f326e566e546852684a707432644b4d55716135666476423253626b6d6178722b746135663365703670714e3166336c3538747a4e6379764d30694441534c6c69424847465552786742497767324b414678694d70484f414e7879526b413966624a50586a3136385575356867645054384f503648387a6a325951546e6b412b70782f556a327750384b2b5071536c566c4b56535570796b334b557074796b32326d32323964577276586537507461644f6e536a47464f45595168474d4978676c474d5978536a464b4d556b6b6b6b6c5a614a4a4c5152736253547a362f706a365a502b65445531726133313747304676484c4d694f5a504b5463792b59526a6373594f4e3547426b44656541436367477153584956426e4a4148586c696359782f544763384139612b6876686c3454453031714a5542615461376b71636b6e6177546f52745946736e6a5a3347534b2b667a664d345a64516e566a76474c584b33626d3262547471316f72394c767952313454447a7865497059656e46796c556b6c644b2f4b72726d666c3772652b6c3371655436503447385836314271467870336872584c7979306579754e54316d3874394e753374644e30327a5270627539764a78455972654343464a4a4a486b6464714937666456695037752f2b4464547762712f677239684c567645766944775663654664522b497678663841456d74364e72392f7038467071486a66774e70326865474e4d385061724463465576377277395a61346e6a43333050375971774c4a4a716c33594b317471426e75504c2f4150676b482b782f6f66686a3465336e786f2b49486862544c3976466c766336623451306e58644e743779336e3064314e74716d7454324e37464c424c44656e7a4e4e73466d69644774343732565659537853742b384e747159734c65437a7337654332744c5746494c573174343434626532746f55455546766277526f6b4d4d5555534a456b5553694e45565554616f436a376a7779686d756235632b49635a68716558345046314b304d72773739704b766973445435495178315a7a35665a303639614e6165476a476d2f6159654e47747a754e534e2f77436276704265494f515a4c6d6c54674c4c4d52557832595a544c44564d2b7a4b456b734e684d79616e566e6c4f4770307275745577744f706836654f7254724f4e48467245595832437155484e65746e566a672f76426e33786a485848556a6b383478676b6e4862496457786b4e49477a79426e703179567830506365774f514f6c65556e58676f4a5a5879514d485a67486a417a794f4f32446e4137635578746568595955376553436362522b6749425055644354387662466671384d504a377039394e6272543536332f72702f4d4d2b4d594c534f4a707579566c4a3149753934323061643335332b2f59395662575635775154304741546a4750635a4a414936383449353546526e575551413555416335494f4f6f77414e2b63354f65772f69425047504b7871355973556345415a4133644d726a6b3773652b4f53534d63444c554455704f446c514f3447386b35417a6a4f42304765522b42417856716c474b7331667666762f5833585a79766932764a33684f2b6a563478633176626579364a70787630315056473178574a784b52317941514d392b53516565505544317070317867765545486a4a584a50497a6874787a6e4859415a727977582b63346b544148495a7733584f4f426a424873547a337754542f414f304930445a6451515238796c6832354f64334f434d6e41786a4a50504e576f556b314732712b483358752b577a622b6133767038695678506a4a612b306345303738307266797457316b2b7439624b3274326a30372b334d44415a636b48413366344675766f414f32346469663234546a3531786a424163446f65546a313763666b4d347278325857396a4d75637172444c62747778327a786b2f6964777a304849717532764952314a373579665539547a786e71414f63397a6d75714f43636c4753686536566d6b6e3230313030665866756554553437644e7a6a39596e646270796c47316d6b6d375264316f39625761363648735633727969476345394970427a74342b516a50555a7878786a74525869563172366943556952786d4a77446e4f52686879477867636b484179636e726d69746c6c386e61384838307237703976367575746a4f5048386e74585631612b696c2f4b307232756d72705761543265322f4d4c34716c4a797a727435334463534d5a487a445946425041366e504f4d67646253654b4542442b5a6b4847655351436335335a5934494763444135393843766b4f312b4a5669634b31314c674447664a6e34353477504b49786e6e3148765739423852644f794d587044676a6732317951632f5748484a42504a344141723647766b314b6e644f4d4c705753556c625731746e75333231337462702b4d34666a4c464f5557336947337237394f54636456473653533036713737616f2b726b38554b3241584b67383577477742366e675a7963642b4d63633571782f776b53644334625049424f3034413579636344706748333764666c646648756e6b6e4e792b384e3833376d344148413455434d727a6b4874366471306f6648576e343575324948494267754f75526766367339443638645065764b6e6c564a50335a773065716233305774372f4c54377a31716647324d646c4a565a76704a776e7174452f64745a5853577131576d7273665378312b4844625a427942386f334d426a4a3634474d5950505436354270722b495979434333424f336365434d673841394f7647374f4d39687a587a736e6a585477536f76475033654674376745416748377869354f4f2b4436347a553538593663666c4e32777a307a44644e6734497a6778592f7737594663733844546737653069307257744a4b397558752b6e6e757474726d38654c63624a2b37547158736f76334a725232623161743533322b65703754712f696e556450306e564c3351644d2f742f584c50547236373062516866572b6e4e7265713239724c5070326b72714631484a6232503970586b63466b743763724a42616d597a536f30636243767a4b2f61732f59332f62552b4e486842662b436848785738412b4376686a34582b45337732317132384c667375616871326f3639385162765150456d72614f5838512b4d3754543470764176685056744c614f4c78523469677364593165376677377063317471746c7047706165644c692b366644766a5452346463305361357569317246712b6d7933474c6535596d336a7649576d434a354979576944414c77543933634f746577323337636d6d66472f54503238666735346d6550772f6f507749672b444f696541623754395076376a5566464d4878623076784d2b6d7a36744e4a613355566c2f614f712b486a5a53525277574d6d6e616650495a626c586b382b502b62664744453466416364654875496f344f6e577a444334624f4b6c48484f6e4771384e527134334a4b4f4a6f786c4f7079553157707a63616b6c537159684b644f4e43644654714e2f3655665165776d4d346f384e2f484444346e46756c6c746645634c5953766c71717970564d5a572b6f3851596a4374303075657334565637616c536934555a52772b496e6946566851676f66356d4878777550474e313855664574783438385054654839566d76377138625347302b37303230533165366c667a644b6a7534316e754e49754a6c6e6d7337714f5734676d685a337472716149656166475a70764e6d6c5a6c6969387957527a484375794b4d75574f794e415732786a4f455450796741484a466672502b32762b7a666f466a2b30505a2b4366427330467470766a5731734e553844356a6b6962544976466c3764326c7634666b56396b63576a364872545432556279683769505268626d314539777275667976385a654639593843654b396538486549496f6f4e61384f36706461567145554530567a43747a615374457a5254777338636b626742305a57336257415a565946562b677a6168577731614e65724b465259784f74477172633075654e4b633456497154635a553554634c50523872636450646a2b6d354869384a586f2f55714d48516e6761616f536f4e4f4b6a476a55644254704e2b374b4533425430626e446d6a7a32625465496b556253596c6c496a4f515752555a38446b595670455872776374362b31517a716d2b51524b3677376d387375775a7a4744775a4756565464675a594b6f415047445658637a5a334e6a3347663841346b666c394f74577243796d7670524644397a6f374d7747514436486e42484a3479514d646356382f5578464b4d48644f4b3774747475793956612b2f7741396257506f5646336263727052576c724b2b6e34765665625851326644476a7936706678625579697541416550756b5a593534774e335076675a4743422b2f6e2f414153312f594a762f77426f7a787062654e5047746c4e702f7741482f424e35625436354f6439764c346e3146474d74763462307956634d566d4d5379366e64526b4c615757666e46316357752f38414a44345865467450746e6136316164594e4d3079786e315855703459326c6c67302f544c57625564526c6a69524339784f4c574b5951524b54766d3244636f4f35503673662b434950784675664533374f4878533854616a464270756e532f4854563948384d366246356b79615234593058774834414f6d365045496f7475594a722b39767279354b7874714772616e71656f7949736c30796e35664c73766878686e30634a69584b6e6b3242636175594e53396b3857312b387059436c55664b344c45754c57497155377a7034644f4d4f57725770566166692b4a66466d4f384d66446e4d7549387269716e452b61546f35586b726450327638415a61784e576e547847627568717174624255357565436850397a50457956657037536a67363143702b3656686257576936645a615870566e61365a70476c326c76702b6d36645a774a425a3256685a784c4461576c724647717851775738434c4844456f43496968426e41776b75716950634d6f4d44416250516a4a36446f6677786a423638486c4c6e786a70336b684575414a484a504e76634559515a5a69664a424743796a61426a6f5233726a4c6a785870685a39317952686a6b4a446341377554313873442b486e4949786a47612f70504b385651644f464252772b486f5549787055714e4b5559303664476b6f7768436e474b536a434d556f5268483359714e6f4b4d556b6635516352313862537254785471347a46346a47565a3469766936386130353173545835716c65645776506e6c55717a6e4a7a71536c4a796c4f66504f546c4b3536544a72376b6e446f66565475494934417a7a393467415a424a7756493756562f7474733533344744774152314f4d67357a78676a4950473465756138756c385661567a69365066686f4c67396978782b35494141424a484f543638566e53654c644d47633354414534346775447a6e742b355042492b627032786756395468716d467162536a716c6130307450643062566d74642b32796439767a724635746d484d6f76326a6c485253554a4e3948647532743946657a6230753954326850455258674b677a7953574b73546e483937714d6e6156494741426767444376346f6c4f41574247515355626278786e5049347744774f53656359347277397646326d5a347532474279664a756363636b45655430354851452b68474d69422f462b6d446b33574d46516351585066674469455a48792b7565784f414b37343462435339357544625364335556374f323762766676643239446b6c78466d304b62355a56315453733755354b4e6e2f4149594b4e757962753361326c372b346e784b354a49626e726874724450485148303744726a716578682f345347554e6e65427a794d6b4474794e78326763446a4a49344763446e7849654c72444a33585a4f652f6b584148555a4f424436446744483867486e785a707054693778673837594c6c656677684a34343659354a49787a57716f34614f6c365474336c466455396d372f38414176304f616564356e55664e7a56347065386c797a54766664364e613374706432756e765a2b77793636485a697a747a742b36654f426a4a4f43633834507a4534497a6e7056575457314754356a7277534f564f53667154774d6a50504a347a3042386466785a706f776f765a4d6e4a494d46786b6e6b5a33655554304874794f63384773363438583263654d336d37647a6a794c6e647a77636b776b63597a7763383848745862526a51664c4656494c5661633062665a315771562f76763275654c6a4d34786955366b34565a6372744b61684e4b4d6e625232533166565776333876594c7a5851495a76336a5a38707765517651647957775165636b6e746b636969764162337870596947582f54584a386d516b69473441424b48485749456734493542786739735a4b394659616a5a587151763841346f3931625a36645075386a796166454e65504e376c617a6b76735662375233646c3361765a6668702f2f5a, 'c', 'jpg');
INSERT INTO `images` (`relation_id`, `img`, `type`, `ext`) VALUES
(2, 0x2f396a2f34414151536b5a4a5267414241514141415141424141442f2f67413851314a4651565250556a6f675a325174616e426c5a7942324d5334774943683163326c755a79424a536b6367536c4246527942324e6a49704c4342786457467361585235494430674d54417743762f6241454d4141514542415145424151454241514542415145424151454241514542415145424151454241514542415145424151454241514542415145424151454241514542415145424151454241514542415145424151454241662f6241454d4241514542415145424151454241514542415145424151454241514542415145424151454241514542415145424151454241514542415145424151454241514542415145424151454241514542415145424151454241662f41414245494148344179414d4249674143455145444551482f7841416641414142425145424151454241514141414141414141414141514944424155474277674a4367762f784143314541414341514d444167514442515545424141414158304241674d4142424546456945785151595455574548496e45554d6f47526f51676a5172484246564c523843517a596e4b4343516f574678675a4769556d4a7967704b6a51314e6a63344f547044524556475230684a536c4e5556565a5857466c615932526c5a6d646f6157707a6448563264336835656f4f456859614869496d4b6b704f556c5a61586d4a6d616f714f6b7061616e714b6d7173724f3074626133754c6d367773504578636248794d6e4b3074505531646258324e6e6134654c6a354f586d352b6a7036764879382f5431397666342b66722f7841416641514144415145424151454241514542414141414141414141514944424155474277674a4367762f78414331455141434151494542414d454277554542414142416e6341415149444551514649544547456b4652423246784579497967516755517047687363454a497a4e53384256696374454b46695130345358784678675a4769596e4b436b714e5459334f446b3651305246526b644953557054564656575631685a576d4e6b5a575a6e61476c7163335231646e64346558714367345346686f6549695971536b3553566c7065596d5a71696f36536c7071656f71617179733753317472653475627243773854467873664979637253303954563174665932647269342b546c3575666f36657279382f5431397666342b66722f3267414d41774541416845444551412f415036594b4b4b4b2f574434384b4b4b4b414369696967416f6f6f6f414b4b4b4b4143697569384d2b452f45506a4855563072773570647a71643451476b455156594c61496e623531356453736c7661516738655a504c47724e6845334f56552f57586850396c53315249726e78727230733070415a394c30414c4643687743456c314f376865535963346b5747797438456675376867513163574c7a4843594a66763679553272716e4738366a3765354737696e306c506c692b35765277316176384177344e783263333773563833753131556274646a347271356136647146386357566a65586835474c57326d75446b444a47496b6338446b2b67354e6671486f6e77672b47766838526d77384936544a4c4879747a71554c617663623845475153366d393259324f536633516a5665694b6f4141365478526236385044477257336731724b7a3137374538656a74636f71576b45355a636b4b4933695351524758374d5a4932675735386f7a71595139654c4c69576b35786852773072536b6f2b30723156536a47375335704b45617675706176336b3075353352797561546336713054664c546935743256374a79634e58737444386a354935495a48696c6a654b574e6d53534f525753534e314a4449364d4179737042444b774242424247615a5737346c302f7842706d74366862654b594c2b44585463535461674e534c766454547a4d586134655a6d63584b7a7354496c7a484a4c464f703378794f704448437236574d6c4b4d5a4a78616c464e4f4c356f753676654d757358306656616e6c744e4e707070703273315a723158522b515555555651676f6f6f6f414b4b4b4b414369696967416f6f6f6f414b4b4b4b414369696967416f6f6f6f414b4b4b4b4143757738436544645238652b4a7450384144656e45524e644d307435647370654f77302b4444586435496f49336557684352526c6b3836356b6767446f5a5177342b76734c396b6d7a6765393863333749446332317234667334704d44637346394c7138317767505542354e50745759644359314a3643754c4d63544c43594c45596943546e54696c432b7155707a6a546932757169357156757472472b47704b7458703033384d70506d383478546b3135585361763076632b727643486737516642476a572b6961425a70625730515670353243746433397a744379586c394f465670376954484a49574f4a4e734d4563554352787231464646666d30357a71536c4f636e4f636d35536c4a74755465376265353952474d597052696c474d565a4a4b79535852494b4b4b4b6b5a353138527668706f4878483068724c55346c74395474343544704f74517871627a5435794356556e6733466c492b50744e6c49775352535869614735574b346a2f4d72785034623158776a72756f6548745a6738692f303659785362636d4b614e67486775726479464d6c746377736b304c34424b4f41366f345a462f58717669483972505437654c56764275714a43467572375439597372696344426c68303634734a725a47503841455957314b345071424b4165417550704f487364566a6949344b556e4b6a565533424e33396e4f4d5855664c66614d6c47584e46616331704b7a35722b586d57486a4b6d36365355344f4b6b3139754c616972393346745766613637572b52614b4b4b2b3050444369696967416f6f6f6f414b4b4b4b414369696967416f6f6f6f414b4b4b4b414369696967416f6f6f6f414b2b307632534578622b50483234335465473033592b3973545844747a33322b5a6e4862666e7658786258327a2b79562f794476472f2f58376f662f6f6a5536386a506638416b56346e316f2f2b6e36523235663841373354394a2f384170456a362f6f6f6f72382b506f776f6f6f6f414b2b4d2f32756638416d6e332f41484e6e2f757456396d56385a2f74632f77444e507638417562502f414857713962492f2b527068662b342f2f714e574f504d503930726639772f2f414537412b4d364b4b4b2f516a35734b4b4b4b414369696967416f6f6f6f414b4b4b4b414369696967416f6f6f6f414b4b4b4b4143696969674172394d66674a706d6b576e77303850616a70756e32316e646174614f2b71584d4b6a7a722b357372362b74524e63792f656b64437367514d53496c59784b417167562b5a31666f582b7a4a34697464532b4877304a5a6c2b3365484e52765970625973504d466e71567a4c71567463684f6f686c6e754c7545486e393562795a786c632b42784843637342475565626c685867366954647553555a78546b6c6f30716a68612f5672725939484c476c69476e6137707955623733546939502b33564b39756e6c632b6a614b4b4b2b4750664369696967417235372f61553066523776346458657358746d7332713650505a77364a646d575647736d315456644c6a31484561534c464d4c6d3074664b595378796c4371764873495a6a39435638762f414c552b7657396e344d307251424b76323757645a697576494444662f5a2b6d517a764e4b79386b4c39726e736b544f304f642b306e793257765179714d355a6a673142795456614d6d347470386b6279714a7457393177556c4a624f4c616430326a6d786a69734e57636b6d755272564a726d6253693965716b30303930306d7462487750525252583651664d4252525251415555555541464646464142525252514155555555414646464641425252525141555555554146652f6673313679644c2b4a74705a74497152613770657061593462377253527844553441435277356b3038526f636a4a6b4b444a63412b41316f3654716c376f6d71616672476e532b54666158655739396153344a437a3273717a523731794e385a5a41736945346b51736a664b78726e785648367a68713944524f72536e424e374b54692b57542f7779732f6b61555a2b797130366e386b34796137705056664e58522b773946635638507647326e2f454477785a654972434e34444b5774722b306b445a73745367534d3364737368414530536d5258686e58695347534e6d574f547a496b3757767a4b70546e536e4f6e55693454684a786e4637786b6e5a702f774361306536646a36714d6f7a69705261635a4a4e4e624e50564d4b4b4b4b676f4b2f4d7634392b494234672b4a3369426f70664d746449614451725968747971644e694358716a67446a553376656d6671612b396669643431547744344e31547843496a50646f7157576d513442523953764130647130326344794957445845343676484330612f4f36312b566338383131504e6333456a7a5846784c4a50504e4953306b7330726d53575232504c4f37737a4d54795353612b71346177736e4f746a4a4c3356483246507a6b33476452727237715546665a38386c305a35476156567930364b657266744a4c736c64522b39755474354c75694b69696976726a78676f6f6f6f414b4b4b4b414369696967416f6f6f6f414b4b4b4b414369696967416f6f6f6f414b4b4b4b4143696976532f68443454732f476e7841304c513953686b6e307032753733553434326b5466615746705063694a354969736b63647a634a6232736a6f3862685a7a35627249554e5a31717361464b70576e666b70516c556c5a58664c434c6b374b3675326c6f727137366c5167357a6a435078546b6f712b31354f79763561366e32332b7a6e61665a7668526f557533616236383171375059746a5672757a56694f764b5769675a36714649344972334b7333534e49303351644e74644930653069734e4e7355614f31744964336c776f386a7973464c73376e644a493773575a6d4c4d53547a576c58356c69717978474a7231306d6c5672564b6b5539314755323470326256306d6b374e712f552b716f77396e53703033613849526937624e714b546176725a7537436969697344512b6476326e6e322f445246786e7a5045656c4a6e505445462f4a6e332b356a4848585062422f504376313238552b466444385a61524e6f6e69437a5739735a573878564c79527951584b785378525855456b624b795477435a7a4532536f592f4d72444972386c3954735a644c314c554e4d6e444c5070313964324d79757052316c744a354c65514d68355667385a425539447858326e44646545734e5677365456536c5539704b3972536a56566c79363376486b616c644c654e72336476437a536e4a565931485a786e486c58644f47392f586d75766d55614b4b4b2b6b504d4369696967416f6f6f6f414b4b4b4b414369696967416f6f6f6f414b4b4b4b414369696a72306f414b4b3974384566415478333478386d376d74423462306554612f396f367a484a464e4c453338646c706743336c786c634e473877744c575653436c30612b7576426e3750336744776e354e7a6457523854617248745933757470484e624a494f643174705142736f3144414e4762686279654e674374786e6d764a786d63344c43586a375432395661657a6f7453732f7743394f2f4a47335658636c2f4b7a736f34477657732b586b672f7454307636522b4a2b54736b2b35384c2b4566686634343862736a61446f567a4a5a4d634e71743442593657677a686d46356362457543682b39465a69356e4861493139772f426e344d6e345a6e5574543150557262564e623153326774436253336b6a74744f745935444e5042627a7a4554585032715951504c4b384673414c614a56692b387839325656525652465645525171496f437171714d4b7171414171714141414141414d41597031664c59374f38546a59546f714d4b4e43646c4b4562796e4a4a715355716a36585330684746316f37713536324877464b684a54764b7055573070614a4f316d3478586b3375355736613668525252586a486346464646414258796238572f32656453385661397158697a777271476e7833576f694b613830573953533153573669685347576531766f2f4f6a38323738745a5869754949492f50615752726e39356866724b697572435979766771767473504a526b3438736c4b4b6c475557303347536653385537707153746f31715a56714e4f76446b714a744a33566d3030374e5854586b336f37727950795038532b432f4658672b342b7a654a4e4476394b5973566a6d6e693332633547632f5a722b457932567a307966496e6b492f697761356576325175725330767265573076726133764c5764536b31746451783346764d6836704c444d7278794b6536757042394b2b66664750374e66676a78414a626e51544e34543146397a4157536d36306d5351382f764e4d6d6b557772774146734c6d3069514574354c6e672f55595469536a4f306358536447576964536e65644f2f567548385343386c37526e6b3173726e47376f7a55312f4c4b305a65696677763538702b654e466574654e666770343938452b646358656c6e56644a69334e2f612b692b5a653271526a4a333355496a573873674678766535743074315937556e6b786b2b53313944527230635242564b4e574657442b3143536b6b39374f3273583369374e645565624f6e4f6e4c6c6e47554a64704a72357275764e6142525252577041555555554146464646414252525251415555555541647834432b482f4149672b4965734453744367554a437153366a714e787553783032335a746f6c754a465669306b68444333746f773039777976735552787a53782f6676772f2b4350677a774773463274717575612b67566e317256496b6b614755446c744e737a76743950554e6e5a496e6d3367556c58764a4677424c3844504431686f487731384f506152494c6a57724f5057395275416f45747a6333343831504d6247537474626554617844376f5348634275643262313676684d327a6176694b3158443070797059656e4f56506c693347565678664c4b565270336357302b5743737557334d6e492b677765447030345171546970315a525572765651757270525731307435617539374e494b4b4b4b384939414b4b4b4b414369696967416f6f6f6f414b4b4b4b41436969696741727850783738422f42506a5a5a72754331587735726b675a68716d6b7778787854536e6e6471476e4b59376137334d535a4a552b7a586a6b2f4e644544466532555674517846624454565368566e536d757348613633744a62536a336a4a4e5071694b6c4f6e566a793149526e48733174357037702b61615a2b53586a5077627266675458626e514e636745647843424c623345653572572f73335a6c68766253516853384d75786c494957534b564a495a5653574e31484b562b69503753766869793166346654363836496d6f2b474c713075626166622b38653131433874744f75374d73415435636a584676633450486d57695949444e6e3837712f5163727872782b456a576b6c477047547056556c614c7152555a586a76704b4d6f7974306263656c7a357646304668367a676e654c536e432b2f4b32315a2b6161617631566e70657755555556364a7a4252525251422f396b3d, 'c', 'jpg');

-- --------------------------------------------------------

--
-- Table structure for table `people`
--

CREATE TABLE IF NOT EXISTS `people` (
  `id` int(11) NOT NULL AUTO_INCREMENT,
  `departments_id` int(11) NOT NULL,
  `fname` varchar(50) NOT NULL,
  `lname` varchar(50) NOT NULL,
  `employer` varchar(255) NOT NULL,
  `email` varchar(20) NOT NULL,
  `phone` varchar(20) NOT NULL,
  `cell` varchar(255) NOT NULL,
  `address` varchar(50) NOT NULL,
  `city` varchar(10) NOT NULL,
  `state` varchar(3) NOT NULL,
  `zip` int(11) NOT NULL,
  PRIMARY KEY (`id`)
) ENGINE=InnoDB DEFAULT CHARSET=latin1 AUTO_INCREMENT=1 ;

-- --------------------------------------------------------

--
-- Table structure for table `pharmaceuticals`
--

CREATE TABLE IF NOT EXISTS `pharmaceuticals` (
  `id` int(10) unsigned NOT NULL AUTO_INCREMENT,
  `maker` varchar(70) DEFAULT NULL,
  `name` varchar(70) DEFAULT NULL,
  `mg` varchar(45) DEFAULT NULL,
  `frequency` varchar(45) DEFAULT NULL,
  `unit` varchar(45) DEFAULT NULL,
  `site` varchar(255) DEFAULT NULL,
  `notes` text,
  `side_effects` text,
  PRIMARY KEY (`id`)
) ENGINE=InnoDB  DEFAULT CHARSET=latin1 AUTO_INCREMENT=4 ;

--
-- Dumping data for table `pharmaceuticals`
--

INSERT INTO `pharmaceuticals` (`id`, `maker`, `name`, `mg`, `frequency`, `unit`, `site`, `notes`, `side_effects`) VALUES
(1, 'Teva Pharmaceuticals', 'Vouched4', NULL, NULL, NULL, 'http://www.drugs.com/manufacturer/teva-pharmaceuticals-140.html', 'test', 'test'),
(2, 'Bausch &amp; Lomb Inc.', 'beer', '', '', '', 'http://www.drugs.com/manufacturer/bausch-lomb-inc-27.html', 'test', 'test'),
(3, 'Roxane Laboratories,Inc.', 'zoloft', '', '3 times', 'weekly', 'http://www.drugs.com/manufacturer/roxane-laboratories-inc-122.html', 'test', 'test');

-- --------------------------------------------------------

--
-- Table structure for table `physicians`
--

CREATE TABLE IF NOT EXISTS `physicians` (
  `id` int(11) NOT NULL AUTO_INCREMENT,
  `name` varchar(70) NOT NULL,
  `phone` varchar(20) NOT NULL,
  `address` varchar(255) NOT NULL,
  `city` varchar(50) NOT NULL,
  `state` varchar(3) NOT NULL,
  `zip` varchar(14) NOT NULL,
  `email` varchar(150) NOT NULL,
  `site` varchar(255) NOT NULL,
  `notes` text NOT NULL,
  PRIMARY KEY (`id`)
) ENGINE=InnoDB  DEFAULT CHARSET=latin1 AUTO_INCREMENT=27 ;

--
-- Dumping data for table `physicians`
--

INSERT INTO `physicians` (`id`, `name`, `phone`, `address`, `city`, `state`, `zip`, `email`, `site`, `notes`) VALUES
(1, 'Dr bros', '530 626 7217', '123 Main St', 'Placerville', 'AL', '95667', 'dr.bro@health.com', 'health.com', 'test'),
(5, 'validation test', '(916) 847-5130', '2955 Coloma St.', 'Shingle Springs', 'CA', '95667', 'scott@graphicdesignhouse.com', '', 'test'),
(6, 'Vouched4', '(916) 847-5130', '2955 Coloma St.', 'Shingle Springs', 'CA', '95667', 'scott@graphicdesignhouse.com', '', 'dasf asdf asdfasd sdaf  asdfasdfasdfasdf sfasdf sd sad fsadf'),
(26, 'Mr Doctor', '(916) 847-5130', '2955 Coloma St.', 'Shingle Springs', 'CA', '95667', 'scott@graphicdesignhouse.com', '', 'test');

-- --------------------------------------------------------

--
-- Table structure for table `programs`
--

CREATE TABLE IF NOT EXISTS `programs` (
  `id` int(11) NOT NULL AUTO_INCREMENT,
  `consumers_id` int(11) NOT NULL,
  `name` int(11) NOT NULL,
  `payee` varchar(255) NOT NULL,
  `contact_person` varchar(255) NOT NULL,
  `contact_information` text NOT NULL,
  `attended` varchar(255) NOT NULL,
  PRIMARY KEY (`id`)
) ENGINE=InnoDB DEFAULT CHARSET=latin1 AUTO_INCREMENT=1 ;

-- --------------------------------------------------------

--
-- Table structure for table `reports_isp`
--

CREATE TABLE IF NOT EXISTS `reports_isp` (
  `id` int(11) NOT NULL AUTO_INCREMENT,
  `type_id` int(11) NOT NULL,
  `consumers_id` int(11) NOT NULL,
  `consumers_medical_status_id` int(11) NOT NULL,
  `consumers_sirs_id` int(11) NOT NULL,
  `consumers_goals_id` int(11) NOT NULL,
  `consumers_program_id` int(11) NOT NULL,
  `status` text NOT NULL,
  `needs` text NOT NULL,
  `summary` text NOT NULL,
  `total_hours` float NOT NULL,
  `completed_signature` varchar(255) NOT NULL,
  `signature` varchar(255) NOT NULL,
  `date` int(11) NOT NULL,
  PRIMARY KEY (`id`)
) ENGINE=InnoDB DEFAULT CHARSET=latin1 AUTO_INCREMENT=1 ;

-- --------------------------------------------------------

--
-- Table structure for table `temp`
--

CREATE TABLE IF NOT EXISTS `temp` (
  `id` int(11) NOT NULL AUTO_INCREMENT,
  `pointer` varchar(50) NOT NULL,
  `status` varchar(10) NOT NULL,
  `data` text NOT NULL,
  `action` varchar(10) NOT NULL,
  `account_id` int(11) NOT NULL,
  `created` bigint(20) NOT NULL,
  PRIMARY KEY (`id`)
) ENGINE=MyISAM  DEFAULT CHARSET=latin1 AUTO_INCREMENT=13 ;

--
-- Dumping data for table `temp`
--

INSERT INTO `temp` (`id`, `pointer`, `status`, `data`, `action`, `account_id`, `created`) VALUES
(1, 'scottyadean', 'public', 'hello', 'chat', 1, 1382208230),
(2, 'scottyadean', 'public', '<a href=''http://www.google.com'' target=''_blank'' >http://www.google.com</a>', 'chat', 1, 1382208232),
(3, 'scottyadean', 'public', '<i>&#x263A;</i>', 'chat', 1, 1382208239),
(4, 'scottyadean', 'public', 'hello', 'chat', 1, 1382221788),
(5, 'scottyadean', 'public', 'testing', 'chat', 1, 1382328671),
(6, 'scottyadean', 'public', 'hello budy', 'chat', 1, 1382328751),
(7, 'scottyadean', 'public', 'test', 'chat', 1, 1382770415),
(8, 'scottyadean', 'public', '<i>&#x2639;</i>', 'chat', 1, 1385357218),
(9, 'scottyadean', 'public', 'farty ()', 'chat', 1, 1385962897),
(10, 'scottyadean', 'public', 'hello', 'chat', 1, 1387483320),
(11, 'scottyadean', 'public', '<i>&#x2639;</i>', 'chat', 1, 1387483322),
(12, 'scottyadean', 'public', ':|', 'chat', 1, 1387483327);

-- --------------------------------------------------------

--
-- Table structure for table `users`
--

CREATE TABLE IF NOT EXISTS `users` (
  `id` int(11) NOT NULL AUTO_INCREMENT,
  `account_id` int(10) NOT NULL,
  `username` varchar(100) NOT NULL,
  `password` varchar(40) NOT NULL,
  `salt` varchar(60) NOT NULL,
  `fname` varchar(70) NOT NULL,
  `lname` varchar(70) NOT NULL,
  `phone` varchar(20) NOT NULL,
  `email` varchar(150) NOT NULL,
  `status` varchar(255) NOT NULL,
  `position` varchar(255) NOT NULL,
  `role` int(11) NOT NULL DEFAULT '1',
  `last_log` datetime NOT NULL,
  `date_created` datetime NOT NULL,
  PRIMARY KEY (`id`)
) ENGINE=MyISAM  DEFAULT CHARSET=latin1 AUTO_INCREMENT=5 ;

--
-- Dumping data for table `users`
--

INSERT INTO `users` (`id`, `account_id`, `username`, `password`, `salt`, `fname`, `lname`, `phone`, `email`, `status`, `position`, `role`, `last_log`, `date_created`) VALUES
(1, 1, 'scottyadean', '6f354f18f1adc81f4bc3b484d8407493e53c8430', 'c25d3fb8ad517e6fb33d', 'Scott', 'Dean', '', 'scott.dean@graphicdesignhouse.com', '_', '', 2, '2013-10-24 16:41:17', '2012-08-18 06:44:33'),
(4, 0, 'torey.smith', '1e920313e1bae7b29c24b1bf8fd42f5f2406241c', 'ff0033fafc1c04020d8a', 'Torey', 'Smith', '916-698-5585', 'torey@capitalsocailservices.com', '', 'Director of Operations', 4, '2013-07-09 10:17:54', '2013-07-09 10:17:54');

/*!40101 SET CHARACTER_SET_CLIENT=@OLD_CHARACTER_SET_CLIENT */;
/*!40101 SET CHARACTER_SET_RESULTS=@OLD_CHARACTER_SET_RESULTS */;
/*!40101 SET COLLATION_CONNECTION=@OLD_COLLATION_CONNECTION */;
