-- phpMyAdmin SQL Dump
-- version 3.4.10.1deb1
-- http://www.phpmyadmin.net
--
-- Host: localhost
-- Generation Time: Jan 10, 2014 at 05:15 PM
-- Server version: 5.5.34
-- PHP Version: 5.3.10-1ubuntu3.9

SET SQL_MODE="NO_AUTO_VALUE_ON_ZERO";
SET time_zone = "+00:00";


/*!40101 SET @OLD_CHARACTER_SET_CLIENT=@@CHARACTER_SET_CLIENT */;
/*!40101 SET @OLD_CHARACTER_SET_RESULTS=@@CHARACTER_SET_RESULTS */;
/*!40101 SET @OLD_COLLATION_CONNECTION=@@COLLATION_CONNECTION */;
/*!40101 SET NAMES utf8 */;

--
-- Database: `socialWorks`
--

-- --------------------------------------------------------

--
-- Table structure for table `agencies`
--

CREATE TABLE IF NOT EXISTS `agencies` (
  `id` int(11) NOT NULL AUTO_INCREMENT,
  `name` varchar(50) DEFAULT NULL,
  `address` varchar(255) DEFAULT NULL,
  `city` varchar(100) DEFAULT NULL,
  `state` varchar(50) DEFAULT NULL,
  `zip` varchar(15) DEFAULT NULL,
  `email` varchar(100) DEFAULT NULL,
  `phone` varchar(15) DEFAULT NULL,
  PRIMARY KEY (`id`)
) ENGINE=InnoDB  DEFAULT CHARSET=latin1 AUTO_INCREMENT=2 ;

--
-- Dumping data for table `agencies`
--

INSERT INTO `agencies` (`id`, `name`, `address`, `city`, `state`, `zip`, `email`, `phone`) VALUES
(1, 'Sample Agency', '123 Main St', 'Folsom', 'CA', '95667', 'info@sampleagency.com', '530 675 2785');

-- --------------------------------------------------------

--
-- Table structure for table `consumers`
--

CREATE TABLE IF NOT EXISTS `consumers` (
  `id` int(11) NOT NULL AUTO_INCREMENT,
  `type` varchar(10) NOT NULL,
  `fname` varchar(70) NOT NULL,
  `lname` varchar(70) NOT NULL,
  `address` varchar(255) NOT NULL,
  `state` varchar(4) NOT NULL,
  `county` varchar(70) NOT NULL,
  `city` varchar(150) NOT NULL,
  `zip` varchar(15) NOT NULL,
  `phone` varchar(15) NOT NULL,
  `email` varchar(150) NOT NULL,
  `birth_date` date NOT NULL,
  `bio` text NOT NULL,
  `uci` varchar(50) NOT NULL,
  `create_date` datetime NOT NULL,
  PRIMARY KEY (`id`)
) ENGINE=InnoDB  DEFAULT CHARSET=latin1 AUTO_INCREMENT=3 ;

--
-- Dumping data for table `consumers`
--

INSERT INTO `consumers` (`id`, `type`, `fname`, `lname`, `address`, `state`, `county`, `city`, `zip`, `phone`, `email`, `birth_date`, `bio`, `uci`, `create_date`) VALUES
(1, 'ils', 'Mr', 'Special', '2955 Coloma St.', 'CA', 'El Dorado', 'PLACERVILLE', '95667', '530 957 5821', 'scott@graphicdesignhouse.com', '1970-04-28', 'test', '5439187', '2013-08-20 20:57:05'),
(2, 'ils', 'john', 'smith', '2333 main st', 'CA', 'USA', 'Placerville', '95667', '543 789 9087', 'spencer@agamsi.com', '1976-05-06', 'test', '5439187', '2013-10-08 22:29:55');

-- --------------------------------------------------------

--
-- Table structure for table `consumers_checkins`
--

CREATE TABLE IF NOT EXISTS `consumers_checkins` (
  `id` int(11) NOT NULL AUTO_INCREMENT,
  `geo` text,
  `consumer_id` int(11) DEFAULT NULL,
  `user_id` int(11) DEFAULT NULL,
  `in_lat` float(10,6) DEFAULT NULL,
  `in_lng` float(10,6) DEFAULT NULL,
  `in_time` bigint(20) DEFAULT NULL,
  `out_lat` float(10,6) DEFAULT NULL,
  `out_lng` float(10,6) DEFAULT NULL,
  `out_time` bigint(20) DEFAULT NULL,
  `mileage` float DEFAULT NULL,
  `note` varchar(45) DEFAULT NULL,
  PRIMARY KEY (`id`)
) ENGINE=MyISAM DEFAULT CHARSET=latin1 AUTO_INCREMENT=1 ;

-- --------------------------------------------------------

--
-- Table structure for table `consumers_coordinators`
--

CREATE TABLE IF NOT EXISTS `consumers_coordinators` (
  `consumer_id` int(11) NOT NULL,
  `coordinator_id` int(11) DEFAULT NULL,
  PRIMARY KEY (`consumer_id`)
) ENGINE=InnoDB DEFAULT CHARSET=latin1;

--
-- Dumping data for table `consumers_coordinators`
--

INSERT INTO `consumers_coordinators` (`consumer_id`, `coordinator_id`) VALUES
(1, 7);

-- --------------------------------------------------------

--
-- Table structure for table `consumers_exams`
--

CREATE TABLE IF NOT EXISTS `consumers_exams` (
  `id` int(11) NOT NULL AUTO_INCREMENT,
  `consumer_id` int(11) NOT NULL,
  `physician_id` int(11) NOT NULL,
  `type` varchar(50) NOT NULL,
  `date` datetime NOT NULL,
  `result` text NOT NULL,
  PRIMARY KEY (`id`)
) ENGINE=InnoDB  DEFAULT CHARSET=latin1 AUTO_INCREMENT=21 ;

--
-- Dumping data for table `consumers_exams`
--

INSERT INTO `consumers_exams` (`id`, `consumer_id`, `physician_id`, `type`, `date`, `result`) VALUES
(13, 1, 26, 'test', '0000-00-00 00:00:00', 'test test test test test'),
(14, 1, 26, 'this is a type', '0000-00-00 00:00:00', 'testing'),
(16, 1, 26, 'this is a type', '0000-00-00 00:00:00', 'testing this'),
(17, 1, 26, 'this is a type', '0000-00-00 00:00:00', 'testing it dawg'),
(19, 1, 26, 'this is a type', '0000-00-00 00:00:00', 'new one new one new one new one new one new one new one new one new one new one new one new one new one new one new one  new one new one new one new one new one '),
(20, 1, 26, 'token', '2014-01-08 00:00:00', 'test');

-- --------------------------------------------------------

--
-- Table structure for table `consumers_goals`
--

CREATE TABLE IF NOT EXISTS `consumers_goals` (
  `id` int(11) NOT NULL AUTO_INCREMENT,
  `consumers_id` int(11) NOT NULL,
  `goal` text NOT NULL,
  PRIMARY KEY (`id`)
) ENGINE=InnoDB DEFAULT CHARSET=latin1 AUTO_INCREMENT=1 ;

-- --------------------------------------------------------

--
-- Table structure for table `consumers_insurance`
--

CREATE TABLE IF NOT EXISTS `consumers_insurance` (
  `id` int(11) NOT NULL AUTO_INCREMENT,
  `consumer_id` int(11) DEFAULT NULL,
  `type` varchar(50) NOT NULL,
  `medical_number` varchar(50) DEFAULT NULL,
  `medicare_number` varchar(50) DEFAULT NULL,
  `insurance_info` text,
  PRIMARY KEY (`id`)
) ENGINE=InnoDB  DEFAULT CHARSET=latin1 AUTO_INCREMENT=2 ;

--
-- Dumping data for table `consumers_insurance`
--

INSERT INTO `consumers_insurance` (`id`, `consumer_id`, `type`, `medical_number`, `medicare_number`, `insurance_info`) VALUES
(1, 1, '0', '123445', NULL, 'info about insurance');

-- --------------------------------------------------------

--
-- Table structure for table `consumers_medicals`
--

CREATE TABLE IF NOT EXISTS `consumers_medicals` (
  `id` int(11) NOT NULL AUTO_INCREMENT,
  `date` datetime NOT NULL,
  `accompanying` varchar(150) NOT NULL,
  `user_id` int(11) DEFAULT NULL,
  `location_id` int(11) DEFAULT NULL,
  `consumer_id` int(11) DEFAULT NULL,
  `physician_id` bigint(20) DEFAULT NULL,
  `description` text,
  `bp` varchar(20) DEFAULT NULL,
  `heart` varchar(20) DEFAULT NULL,
  `weight` varchar(20) NOT NULL,
  `info` text NOT NULL,
  `special` text NOT NULL,
  `medications` text NOT NULL,
  `referrals` text NOT NULL,
  `next` datetime NOT NULL,
  PRIMARY KEY (`id`)
) ENGINE=MyISAM DEFAULT CHARSET=latin1 AUTO_INCREMENT=1 ;

-- --------------------------------------------------------

--
-- Table structure for table `consumers_medical_status`
--

CREATE TABLE IF NOT EXISTS `consumers_medical_status` (
  `id` int(11) NOT NULL AUTO_INCREMENT,
  `weight` float NOT NULL,
  `height` varchar(10) NOT NULL,
  `seizure_info` text NOT NULL,
  `seizure_type` varchar(255) NOT NULL,
  `blood_pressure` varchar(255) NOT NULL,
  `cholesterol` varchar(255) NOT NULL,
  `colon_exam` varchar(255) NOT NULL,
  `prostate_exam` varchar(255) NOT NULL,
  `osteoporosis_exam` varchar(255) NOT NULL,
  `flu_shot` varchar(255) NOT NULL,
  `tetanus_booster` varchar(255) NOT NULL,
  `pneumococcal_shot` varchar(255) NOT NULL,
  `hepatitis_b_series` varchar(255) NOT NULL,
  `hepatitis_a` varchar(255) NOT NULL,
  `pap_smear` varchar(255) NOT NULL,
  `mammogram` varchar(255) NOT NULL,
  `summary` text NOT NULL,
  PRIMARY KEY (`id`)
) ENGINE=InnoDB DEFAULT CHARSET=latin1 AUTO_INCREMENT=1 ;

-- --------------------------------------------------------

--
-- Table structure for table `consumers_notes`
--

CREATE TABLE IF NOT EXISTS `consumers_notes` (
  `id` int(11) NOT NULL AUTO_INCREMENT,
  `consumer_id` int(11) DEFAULT NULL,
  `user_id` int(11) DEFAULT NULL,
  `note` text,
  `created` timestamp NULL DEFAULT CURRENT_TIMESTAMP,
  PRIMARY KEY (`id`)
) ENGINE=InnoDB  DEFAULT CHARSET=latin1 AUTO_INCREMENT=43 ;

--
-- Dumping data for table `consumers_notes`
--

INSERT INTO `consumers_notes` (`id`, `consumer_id`, `user_id`, `note`, `created`) VALUES
(23, 1, 1, 'this is a test', '2013-12-30 17:54:20'),
(24, 1, 1, 'this is a testing the test', '2013-12-30 17:55:40'),
(25, 1, 1, 'test', '2013-12-31 06:49:52'),
(34, 1, 1, 'testing againint', '2013-12-31 06:49:52'),
(36, 1, 1, 'a new note update', '2014-01-20 08:00:00'),
(38, 1, 1, 'test on the 24th for full date testing', '2014-01-20 08:00:00'),
(39, 1, 1, 'test on the 23th for full date testing', '2014-01-20 08:00:00'),
(40, 1, 1, 'testing', '2014-01-24 20:14:40'),
(42, 1, 1, 'this is the 9th', '2014-01-09 21:42:06');

-- --------------------------------------------------------

--
-- Table structure for table `consumers_pharamchicals`
--

CREATE TABLE IF NOT EXISTS `consumers_pharamchicals` (
  `consumer_id` int(11) DEFAULT '0',
  `pharamchical_id` varchar(45) DEFAULT NULL
) ENGINE=InnoDB DEFAULT CHARSET=latin1;

--
-- Dumping data for table `consumers_pharamchicals`
--

INSERT INTO `consumers_pharamchicals` (`consumer_id`, `pharamchical_id`) VALUES
(2, '2'),
(1, '3'),
(1, '2');

-- --------------------------------------------------------

--
-- Table structure for table `consumers_physicians`
--

CREATE TABLE IF NOT EXISTS `consumers_physicians` (
  `consumer_id` int(11) NOT NULL,
  `physician_id` int(11) NOT NULL
) ENGINE=InnoDB DEFAULT CHARSET=latin1;

--
-- Dumping data for table `consumers_physicians`
--

INSERT INTO `consumers_physicians` (`consumer_id`, `physician_id`) VALUES
(1, 3),
(1, 2),
(2, 26),
(1, 26),
(2, 5),
(2, 1),
(2, 6),
(1, 1);

-- --------------------------------------------------------

--
-- Table structure for table `consumers_programs`
--

CREATE TABLE IF NOT EXISTS `consumers_programs` (
  `consumers_id` int(11) NOT NULL,
  `programs_id` int(11) NOT NULL
) ENGINE=InnoDB DEFAULT CHARSET=latin1;

-- --------------------------------------------------------

--
-- Table structure for table `consumers_users`
--

CREATE TABLE IF NOT EXISTS `consumers_users` (
  `consumer_id` int(11) NOT NULL,
  `user_id` int(11) NOT NULL
) ENGINE=InnoDB DEFAULT CHARSET=latin1;

--
-- Dumping data for table `consumers_users`
--

INSERT INTO `consumers_users` (`consumer_id`, `user_id`) VALUES
(2, 4),
(1, 1);

-- --------------------------------------------------------

--
-- Table structure for table `coordinators`
--

CREATE TABLE IF NOT EXISTS `coordinators` (
  `id` int(11) NOT NULL AUTO_INCREMENT,
  `agency_id` int(11) DEFAULT '1',
  `fname` varchar(45) DEFAULT NULL,
  `lname` varchar(45) DEFAULT NULL,
  `phone` varchar(45) DEFAULT NULL,
  `email` varchar(45) DEFAULT NULL,
  PRIMARY KEY (`id`)
) ENGINE=InnoDB  DEFAULT CHARSET=latin1 AUTO_INCREMENT=8 ;

--
-- Dumping data for table `coordinators`
--

INSERT INTO `coordinators` (`id`, `agency_id`, `fname`, `lname`, `phone`, `email`) VALUES
(7, 1, 'Suzanne', 'Guzman', '530 675 2785', 's.guzman@sampleagency.com');

-- --------------------------------------------------------

--
-- Table structure for table `departments`
--

CREATE TABLE IF NOT EXISTS `departments` (
  `id` int(11) NOT NULL AUTO_INCREMENT,
  `name` varchar(255) NOT NULL,
  PRIMARY KEY (`id`)
) ENGINE=InnoDB DEFAULT CHARSET=latin1 AUTO_INCREMENT=1 ;

-- --------------------------------------------------------

--
-- Table structure for table `goals`
--

CREATE TABLE IF NOT EXISTS `goals` (
  `id` int(11) NOT NULL AUTO_INCREMENT,
  `goal` varchar(255) NOT NULL,
  `objective` varchar(255) NOT NULL,
  `summary` text NOT NULL,
  PRIMARY KEY (`id`)
) ENGINE=InnoDB DEFAULT CHARSET=latin1 AUTO_INCREMENT=1 ;

-- --------------------------------------------------------

--
-- Table structure for table `images`
--

CREATE TABLE IF NOT EXISTS `images` (
  `relation_id` int(11) NOT NULL,
  `img` blob NOT NULL,
  `type` varchar(1) NOT NULL,
  `ext` varchar(4) NOT NULL,
  PRIMARY KEY (`relation_id`)
) ENGINE=InnoDB DEFAULT CHARSET=latin1;

--
-- Dumping data for table `images`
--

INSERT INTO `images` (`relation_id`, `img`, `type`, `ext`) VALUES
(0, 0x2f396a2f34414151536b5a4a5267414241514141415141424141442f2f67413851314a4651565250556a6f675a325174616e426c5a7942324d5334774943683163326c755a79424a536b6367536c4246527942324f4441704c4342786457467361585235494430674d54417743762f6241454d4141514542415145424151454241514542415145424151454241514542415145424151454241514542415145424151454241514542415145424151454241514542415145424151454241514542415145424151454241662f6241454d4241514542415145424151454241514542415145424151454241514542415145424151454241514542415145424151454241514542415145424151454241514542415145424151454241514542415145424151454241662f4141424549414751415a414d4249674143455145444551482f7841416641414142425145424151454241514141414141414141414141514944424155474277674a4367762f784143314541414341514d444167514442515545424141414158304241674d4142424546456945785151595455574548496e45554d6f47526f51676a5172484246564c523843517a596e4b4343516f574678675a4769556d4a7967704b6a51314e6a63344f547044524556475230684a536c4e5556565a5857466c615932526c5a6d646f6157707a6448563264336835656f4f456859614869496d4b6b704f556c5a61586d4a6d616f714f6b7061616e714b6d7173724f3074626133754c6d367773504578636248794d6e4b3074505531646258324e6e6134654c6a354f586d352b6a7036764879382f5431397666342b66722f7841416641514144415145424151454241514542414141414141414141514944424155474277674a4367762f78414331455141434151494542414d454277554542414142416e6341415149444551514649544547456b4652423246784579497967516755517047687363454a497a4e53384256696374454b46695130345358784678675a4769596e4b436b714e5459334f446b3651305246526b644953557054564656575631685a576d4e6b5a575a6e61476c7163335231646e64346558714367345346686f6549695971536b3553566c7065596d5a71696f36536c7071656f71617179733753317472653475627243773854467873664979637253303954563174665932647269342b546c3575666f36657279382f5431397666342b66722f3267414d41774541416845444551412f4150372b4b4b4b4b41436969766b333972373438367638414262774270656c65416f4c6655766a4c3856646154774a384a39496d574b5a45317939564676384178546532387953784e6f2f6847306e6a31432b6c75495a724a62756654494c2b4a7253366c704e704a743749434434372f74642b4650684a346b732f68683451384e617a38592f6a6a7139736c787066777538485378527a5745457937344e51385a2b495a59726a5476422b6c744669356b754c364b34756f624a6f722b5778537775494c755477474877742b334638575a6a71586a37342f6547766750704e77513848676a344f65454c587842713170457749467666654c664556794a6f723049564d38397463617061504972506257316b483874647634422f4276522f672f6f74797233737669663469654b5a2f37572b4a58784731557664612f77434c76454e334b317a65764c66334a6b764530713375485a4e50736d6c434c476933457947386c6e6b62363130614a44747a31336454314f6348413664542b655257504d35766579766f6b3975313274572f77374c714c66585830322b2f762b58356e794b663257766931616f4c72526632312f326b725056635a57363171667774346930705a5350765361472b6c6163736b58497a436235636a494567786b55492f69422b32312b7a2f4b31373430732f44503757487732744158314739384736517667723478615a5a5267435339745044385454614a72373238496c6e6b306132462f71562f4949346f6458733133352f5166374c42396d335a58646a377035494f4d485042326b636a5036633177757271735a5a6b4a5571787752315030786a5051634850624e4454685a70765733562b576a54763558302f454c65622b397638376f6c2b4376787a2b47333751486732487874384e4e645456744f5763324f71366663526d7a317a77357130614b382b6a2b494e4b6b4a754e4e31434657444258335158554c4c633255397a6179527a4e363958354c2f473377377258774a385a502b3174384672463464633046566b2b4f766747785932326a2f465434664c4b4a4e58314f3574596b614f3338566548346d6d3153333174595a58574f4a7236396a6e466e50467148366665422f4766682f7743496e672f777a3436384b3367762f44766933526450313752376f6856655378314b326a756f566d6a566e45567a4548386d36673373594c694f57466d4c526d7449543574485a53537670733133582f424479652f352b612f5874397a66565555555659776f6f6f6f414b4b4b4b41437679682b4946332f77734839764c787071462b2f6e36582b7a70384b664448683751724e2f6d697466462f774154557564627574546a54356f2f502f73415432737262524c746577646e5551776766713958354579534e7076375933375939686341523347706a34482b4937494e392b36306f6644394e496c6d6a4842614f3176374a345a4341516a545135624c385a566d31483570333830315954366576355866356f2b706447757743704c456e4b6e507163386b3941656e5046656f615a7149514c387734425062327a2b4866763272353730765573592b596e70333950354d4f5431352f4931336c6a712b30443576544850587141656662714f2f552b32455a4b316e665476743058792f72555a376d4e5a7848743348474236446f42782b6c6372716d6f6839784c5a7a6b2f5849354f423048475063354a3975512f747235503841574e6a307a33394f756576623866657361393159454e6c6a774d636e304838795267447436383830357061332f726132766136303351444e5475597057654364493572613557533275495a56575347614334557853785452747553574e305a6c6b6a634d72495756675154586e503841775475316d5853504358786b2b4263383753782f417634772b497445384e784f537a576e67587854492f69447735614e49354d6b7067767a34686a6a6b6243693146744445416b494130373755444a4e476762356d6c52526735494a5a5163635934376b3541782b58466673477879332f77415a7632326645384b4136547148784838436548376134544a6a6c314c77766f76694a6457524747554a694772574c50744f373938705944496f7079626d762b337237375776743557587236366965362b6633663841443250307a6f6f6f7271474646464641425252525141562b563337614f68532f435034386644443970594c7338422b4b74476234492f46323641506b614c46663372616a344c3853366b774c434854303149477a764e516b534f4377466a61327a544354566c5676307638414676693377333445384e61313478385836785a65482f4450687a54376a564e61316e555a44466157466a624b476c6d6c4b71386a7354746a6867686a6c754c6d6434726532696c6e6c6a6a66387166694a4c38537632313742645738542f322f384b503255354a767450687a7752436936643853666a66466158435332486948785263756b73766862775a4a4e444864615270646d7a3346374771333073737a7a616266575764577a6a79395874387572387636576f6e2b4f362b54572f6c746672324f2b457374684f596d4f35515159335535456b62637134494a42444c7a6b4571447839647931316b414435782f33317a2f41467763345038416e4e66436e68333468654966326270626234632f4757505639632b464e7250396838412f462b32744a3951765044756d42696c6e3465386432646e464a63424e50684352326d6f327473466b74554d567261334563444a702f7742636150653656346c302b485750432b736154346d3069366a576133314c516451746452745a6f6e47565a5a4c57655253657841597372416f775277514f4e71326a424f2f6b2b333962727a505250376147333777336637772f502f50667469732b36316b344f4848512f77415850707878317a6e332f537564577a766d49566265374a4a41783554444250596c6c4148346d76505069463854766835384a3950625576482f41496e73644d6b4b734c4877395a7a52366a3470316d63634c6161566f73456a5855386b6a6c55656372486157323557753771326a506d55444e6a346a66456e5366686a344938532f4550586d33574f67574d72324e6c35676a6d316e577077594e4b3065304a42506d333934384d545368584676455a4c6c314d63456d5072483969483454617a384a6667423466742f4673447765507669427175736646543467704c484a444d6e697278744c446550617a32306a4d31726361586f74766f756a334675534446507030697371747555666c4c4a384f506a642b315471466a34334f734c38474c4c776465366434682b4233676a584e48744e6268752f45476d33734e395a2b4976694a5933734d3171723669495242623264785961674c53326d5147796b68653758562f314c2f5a6c2f6165752f6962714f732f434c34742b486b2b473337524867613253547856344e6b6b593656346d734645616a786e34447535354866552f44742f7669753267456b382b6e783363475a3771325a626b6230556c4b37756d39466661326c2f52366162614e3736335737376270646237582f4c61393939756e325252525258534d4b4b4b4b41436969766e5439724c346e583377692f5a392b4a486a44526a2f7741564d2b6b772b475042364c6779487862347a763758777234656e6a6a4a426e2f7337556458683157654654756530734c6a474d5a4362736d33305677506c50785a714e742b317a385974576931436157372f5a6d2f5a39385548535630714e332f414c4c2b4e50786f307a44336e32385a57485566427667435978777852625a37625664516161366a6c6d303635556a36694f4e54596d375647566f31524931554c464445717173634d4d5977736355534549694b426744755353664a2f68313448303734552f442f414d442f4141763070517474344d385032747271452b37644c716669532b55616a346c3165376b79544e65616e724633645864314b7a46764e6b64415247694b7670316864524759323675476d6a686a6c6b5159506c70497a4c47584950426b4d62684165574563684843354f46377474377436396675386c743031754c377232562f363762324d485850684c6f586957436533756261326e68754932696e743769474f61435a48795753534b52576a6b52763772676a676531664b4f742f38453650415633714d2b722b43377a7858384d39566e6435706272346465493772772f42504b632f504a70624c64615a44324a46686132426467437a6c7478623941724b62474f334b2f7036354f4f4f41426e3863484e645a61585730446b39546a6e766a334750352f7742376a6d684a4e3671362b576d336c743933714d2f4d422f3841676e35343375564676712f37522f7839314854572b56374676473030616d4c424a51764b7431466a334e75523077707a6d76525068372b7770384c66687a657272466c6f51314c784343476c3854654a627566784634686b5a656b696168714c79725a4d634463756d7732534d5143794d7967312b686b6c3647547133543147443136594a342f2b7432577565765a776338397a3350494f656f366578796535417a6b30326f4c5a64505633306572642f77414e62713277724c2b763037624c52657035565a65454e4c3056464555617379716551427a747a33782b6f7941656d51656647666a333848626a347661546f6d7665444e562f34513734392f44475a74652b45506a363362794c684c2b32426d6d384a61354d69753933346238514b47733779316c533467694d676e6b746279332b33574f6f2f526c394c6e4f6554686879635a3664546b3963632f696561342b376e614e784a4778563077364d50764b36734372416a6f56594b516532447a78534764462b7a4438657250384161422b476476346b7572412b48664858683355627a776638542f426b2b55765043586a7251332b7a6176597645355a2f734634797271576c54623551624f3557316d6c2f744379763449506f71767a4a736457672b436e375a6e676a78545a71746834492f6136304f373848654d4c5a4359745074506a48344b74316e384e2b494669514d6958336961785965484a6f6f30692b32333936645775576b6d6b755a682b6d3161776c6461744e70327575756c302f6d74653362734a6669724a2b752f3668525252566a4376684c3976554a4e34572f5a34302b3562476d36702b317438454c485656596a79357246373357706d686e424942686557434a324c5a56544772594a417237744a774366515a7234472f623453665866676c726c6e705133654a664332722b472f694634534b67462f2b45683845617a6261784844474343544c66365848716d6d572b436f573776494a4862793164576d5877763841726255542f77416e397a755876485069327a3849576e696e784c71675a34744f75627954795132325337765a3737374c59324552494f4a72362b6d67736f6341346b6d5542534f4b6d2b4771366b756751617072736f6c317a586d4772616979445a48455a305557397042486b2b5862576c75493459492b5371414d7a504b7a752f7a663477385157337879316a344b613334625a726a77443478306d50346e3373384a4c51747130636132456d6a586533495337304f2f66575675375358356f62325641366564614b523953325679736149696b4b714b71716f4247304b6f4367414841494141783659484841726d693072727265393739334670364c386c62613658566e7064726444675a427951447a672b33546e364563676e6f42573942664251446b635950337679504831347a3634344f6138357437774448493639754d44703036593536446a7565446b61386439783158497837634472372f6a6e385432744f2b7141376733774934497a2f76632f6867747a312f4476575a633367494f5433342b623850784f6550726a727961774466456a6b702f33316e394d6e2b56557072334f526c652f54332f6e7a6a507033774f4b414c4635636a427951423833663137354848547277523337597279727842346f74394631375464507670566a744e66686e53306c5a734350554c4d70356b5a596e415735676d694b67416b4e444b7878754f4f7875627a4f65526e6e716658483439534d392f5564612b55503271356232312b474576696e544a436c2f7743444e6430545751796b35617a75377464457534754d6b4b7a616e627973347a7453456c687442784c642f64394c4f39727652377061627258545632586b422b3166493176384c5068353472746d4d65712f442f384161562b446669505235302f31336e3375717a364a6332304c6a44375a6f3951573564465a51306c7044495354476f503630562b47666a767870642f456677682b7974384a726c4a49664533784c2b4d48687234682b49624e6752643666384f6668346b2b6f76714f6f5275752b335336615a4e54686661486550545442784c4930522f6272537234616861525841782b385550783047376e4836386533657461577a38724c384c2f414958567864583933362f716156464646616a45626f666f66355638532f7451364a6658326933545736735145636b594a48415042476568392b443656397431794869767776616549724757336e6a5639796b41454139526a322f7a31363041667a372f4141692b4c6c372b7a56346738516148346b384f6172346c2b4448694855354e5375625052564e33346c2b472b73335475313972506879786c5a667475685838704d327061564379504134335276495a4448642f6f35344e2b4b507769386657734e3934442b4c76674458344a30444c615857753275686135426e48376d3930585744616168615472306547356768634d6371684244564a34342f5a55744e56753572694333413878693251673735366a414f434f7037394f31654761742b77583451317952356459384b61566654452f4e634e62535764343233686439397030746c664d46484371317756544232714f70796c5376724733617a30576a547470665333537a33766f4c6262354c37765852656a3336492b773765466d47354e55304752534151306576364e497042364546627a7631486233485374464933482f4d5230556658584e487a78332f342b2b5077487058774a4a2f7754652b487a737a4a6f4f6f514b535349346645666962793042504372357573537674555941334f7877426b6d6f2f774468323334412f7743675071762f41495566694c2f355a315073354b3377364c724a3662663366495a2b6752563863366e6f6e3436377041482f414b564771306b546e2f6d4a614831373637704848342f617a2b58505874322b4276384168323334412f36412b712f2b464834692f77446c6e522f77376238416639416656663841776f2f45582f797a6f396e507576762f41507441312f702f3844312f70366662392f4a5932556254616c346c38493656416779397871506966523761465038416663334c625236635a4f446a424a4e664948787a2f61652b4150686e77377248684c54645874506a7034373161332b79616434453845496461304662316269475343587850346874316d30753373375735686a6b6d73597062725570334561507068745a4a5a347365332f344a772f44714274386e6865572b5a634652663635346c755931494f51664a4f7370433537596d6a6b58327a7a586f2f683339696e5239465a494e4c30577730323356686d4b77736f625a5778336b614e4661566a6b37704a6d6b6b5945466e4a4a6f564a33546253665633636e2b697639362b51745832586e712f77737631394435552f5a6c384a2b4e664650784d762f6972342f6e572f38636549664974516c724549394d384d36444435527466446d6952426e5333737264556957534f4a697276435a7070723237754c753975663371384a32386c7670467448494d4d496b423639514233347a2f38417272776a345866412f5466434b784e396e514f675535324473636a6e413536383550544e66544d4d537778724767415652675939767746624a4b4b73747650642b62383331475330555555774369696967426a78527638416652572b6f706e3265482f6e6d76362f3430555541483265482f6e6d76362f3430665a34662b65612f722f6a52525141665a34662b65612f722f6a52396e682f3535722b762b4e46464142396e682f3535722b762b4e4b49495163694e515252525142494142774142394b57696967416f6f6f6f412f2f5a, 'c', 'jpg');
INSERT INTO `images` (`relation_id`, `img`, `type`, `ext`) VALUES
(1, 0x2f396a2f34414151536b5a4a5267414241514141415141424141442f2f67413851314a4651565250556a6f675a325174616e426c5a7942324d5334774943683163326c755a79424a536b6367536c4246527942324f4441704c4342786457467361585235494430674d54417743762f6241454d4141514542415145424151454241514542415145424151454241514542415145424151454241514542415145424151454241514542415145424151454241514542415145424151454241514542415145424151454241662f6241454d4241514542415145424151454241514542415145424151454241514542415145424151454241514542415145424151454241514542415145424151454241514542415145424151454241514542415145424151454241662f41414245494149514179414d4249674143455145444551482f7841416641414142425145424151454241514141414141414141414141514944424155474277674a4367762f784143314541414341514d444167514442515545424141414158304241674d4142424546456945785151595455574548496e45554d6f47526f51676a5172484246564c523843517a596e4b4343516f574678675a4769556d4a7967704b6a51314e6a63344f547044524556475230684a536c4e5556565a5857466c615932526c5a6d646f6157707a6448563264336835656f4f456859614869496d4b6b704f556c5a61586d4a6d616f714f6b7061616e714b6d7173724f3074626133754c6d367773504578636248794d6e4b3074505531646258324e6e6134654c6a354f586d352b6a7036764879382f5431397666342b66722f7841416641514144415145424151454241514542414141414141414141514944424155474277674a4367762f78414331455141434151494542414d454277554542414142416e6341415149444551514649544547456b4652423246784579497967516755517047687363454a497a4e53384256696374454b46695130345358784678675a4769596e4b436b714e5459334f446b3651305246526b644953557054564656575631685a576d4e6b5a575a6e61476c7163335231646e64346558714367345346686f6549695971536b3553566c7065596d5a71696f36536c7071656f71617179733753317472653475627243773854467873664979637253303954563174665932647269342b546c3575666f36657279382f5431397666342b66722f3267414d41774541416845444551412f4150714c58745a76394530752b314b7a303174596c74346c614b7a697534624a355a486b534a664d6b75746b4d64764730686c754a51356b534648614f4761545a4533776c34533150786c3850506a3348347431445346753576696e347a3044524e526e4e743471564c6933757642567a623232702b47394c67744c7a53624739316e554e4a743574637537572b75644b53505346467a62326b4c584e3970587158687a3973483442654f70497443314c57624c5239537549622f564e4d747451314f324e6e636170345231625368653239314a627a52582f6875383044574c3353376255394c38656164345431502b3145764e4d74744b314637473956664f2f4676786a3845654c644f317131384e365671766a612b304f545539536a3144543754346b57396e4a4c34496a6a756272517643312f34537459395a306d2f7352714564676a364a4c6453585457396a46713045467062534c422f5758697434696348764b736d78304f4e38767756624235766c2b59355773426a634973584c465965744c44797272327452315951354d6453556e55776d49777a77376b712b46784d63565268552f4b66444867446a43706d576459577277626a73565178475759334c38327259374234743443686773545470563151397254396e51633350423135786971394c4553717150734d545465487171487a6a38552f444f6c2f424c34302b4b766952343338492b4c624d66744765492f69426161585a615a727572363334653062786c3850726e5458736456683054552f447435646e56666a4a344d306a584e5a55365670423158536456302b7830377735346776494c322f3178766539443033776a3851764450677548532f6768726366683752394338583637344a314451623677384c7259334e6a344d2b496472635165492f45476c2b4c2f443270654339653143665556384f65486279796e316d4e4a7279323148536f745130532b75372f414d4d6649332f42517a346a654e506a70385266325976456e374c76786f3847334e6e384f76464867576136304455344530697a384e2b4b2f484f6b2b4972377735342b31575457664a38522b4a2f4447746546625478466f55746a70656d61336173746a7147674743353166784c467065702b2b793366697a783365572f7874384d2b4a2f45506d36565a7758506a6a5150434e334e345473722f414d5057476758476770346b38517733576e507164765961463469306e56626e52504432763231314d4e43384e5358477658756d366d7572365861666e756535764c4263555a7248685844346248304d5538486d447745614f57317637566a695959664e38307a4747593874645377564c4d2f5a31737a796d686861654a727a6a67713143436a6c54777039337770674b6559384c594f48456d49786558564d4256786543705a687a356c516f35544b67712b55355a6c39544158772f4c6a36754356576e6c7561346a46665671436c69364657552f3757654a702f5658784938432f4437346965427641666758773538532f464877576838532b4576456f3066547641386d6a6549726d2b307a7866503466385361396661724271576d2b4c3737785974704259766361724a612b49744b6c6d73726e576a50423469744c7133744c6238302f4331703858666a4e38647250396e3354766948346b545466686663522f4650784c652f4576583941385561396461396f63586a5477586f57732b4a4e594e7362354e49317539316e584e6276644b46723474303355394d734e426b30715753776930713076767a772f62622f625a2b4f2f6772396f6d7838472b4850465869537a30623464366470577461526332336837537643766a4779683161316931753662585667384f615a715954534e4e736d6c302b6538305051706c6a6b693130326b3064314a714f7039722b78586466467a34332f4850347566454834477966467278643445305854764430506958346e4c72747234642b4b5069627850647a36686657326d3664432b6f36636d72336e696134486976554e4638447672562f6353576d6c33416d764e462f74476637442b57636363585a74785570344b766c6d4b792b74686e686350566644754d6c624d63757059434f447a444c73546c4f50686a636f70555a3176617a6f77703461725171344f4d4a347a437a715548476632764257515a52773557565443356e51786373513858557031632b77314a5638727a503841744634374c7331774f62594659584d4a34696a546852705472346a4578645046314b314c44316f553854435550365a2f687a346231382b4d64524e723467313354395830335274542b7a6166714f6947343037555654566f6244556c745047722f774445773161333852704470326d485266454f68584b366466337336324f6e616f396c442f5a2b78346e752f4750686634482f41422f2b4758695052504866696535384e66442b5350776c3851745a304f333137547458314478386c353453385038416a627774726c2f666d7976372f77414a617a65586570654b2f43657266325672576a36646f7961764c4e725674346d73395331543550384143382f786638642f485877787076697a785034373843366e625764706f6d6e6176714f67364c63614659613171634f69582b6836505977576e69617a4f724e622b436448314c534c32776d6a38513642723273707032742b495567314f4856645631583958664276777838616152384e50466667587835712f674c34683674346c302f7859645176582b48566a7066672f5672727852617a6662394f3172346151613562573274365a7164396558382b7677332f41493969757466612b76496272563749546d37692b7538504d327972696e433138777757575a6c68593461766d744368694d544b6177306f3568674d48676354684d5a6b6c5847317165563170314d4647564f6e684b62776c4f6e686f576e46386e4c387a346b5a586d5844474c776d477a444d38737855736468737378565444345a527159756d38486a38586a4d4e69734a6e4e4c4c714573787773595971667461754a722f57367461744f556f5339365576345a2f2b437366774738512b437a384a5069376f6e2f43546645483458326c6a70507770752f6a39716e677678546f506776347866454331304561306645766737565046397a72313334303066784a3464307761362f697134385461724471327054617262364c62326e683753644d442b6966442f7744626f2b41486a6a34616146384c664574686466445054374c78445a334f697836477344584f7151326e672f5166422b6b57666a7a56707645306571617250346131725264446c3058584c4a504430305868473531654b47336143794f6d57503841575238662f774268326239726e396c4758396b72342f654b664557715838336a47323861366a385566424e6e702f686a54395031485276462b737a2f414135732f422b687965483566446d6e366270506750564a664332765741304738625459377333463134693853616e4263363165666e52344d2f344e7476325a563176347361483431486a436677744266365a5966434c7856705078567537447856506f747470656a61723471386174345a58772f726d6a793634626e56724c776c7074767173554e684c726568612f4e6465476266524c2f77414c36314c35576363485a6738576f355a685972445935717055715456476e48435971634b6d4a784643742b2f715634306e55664c4b705471796a694b6c534d5a56707963704c504a754d614f466a694d5a6a6362526c696346476e436e517166574b6c544d4d4e546c52776548723049786f55384c4f74476933556a5271714c7739476e4f616f71436970666d6e385a66685034372b4d2f374d58676277316f6c7070762f41417272562f42456c7a344f3855366872556d6f57666a4336306562573961384d614a384a3533307a7772642b4b2f47756d584a3864326571364a704f6a2b4c66457a365463576474724773535855756d365a642f456e374f47712f454b2b2b4d66695877663841475856394c3054784c384d394c307938384d3668346e384c366244643254654862543744344e57433176644c76553072546272546673663279336c30714732314b2b67306653396247703337334f6b792f70442b304c2f7753462f626b2f344a772b4666455878592f59322b4c76696a34392f443777337165697a2b502f6735725867695056373572533831535250445869625450413864393470384c65507861334832555336786f656e654776485068485739594e6a6f5546784c42487274782b58477466436e397550346e366234482b4f3033774b38412b486a3849344c37774c4e662b456462384c65472f694c723937714556353473306a7778346c38482f384143586176346e7550453968704635714e783449744e6138492b585070746865615065327576614c6f6b6d675766354c78626b475a4b654f797648346e3668567875463970444d7056634e47746771314844786f537847466f337030593058686164476b7139437056745871314b6c656e54635736333756776678666c6c615757352f6c7552596a4d486c574f705966455a52684b4f4e7259444e734c577279784648445933463034563572465573613534694e4372516f756548707870304a31565574522f55545650425878682b4a6668625739482b4d57752b4b724c586643586a5779683854364c632b4964543843654964427574636d6d6d384c654b7441384c2b4576445555476d2b466644316a5936707241754a37537a7449504665736e2f5372487775396a63792f74352b7a5a38547257302b446d6d334f7465413953316f364c384e39453850323369765874496b384d2b4e764758777a7676424b3658346838432b424e51384e3674763866536e523947307850443030327557486862784234716d385361504461573978632b496458307a2b664477702b32314a3864394a74627278723433384a7766456a547275783841615a345638547836666f2f37515138573671382b6c36684872326e613570656645316739393467753747323852364c724f7261792b72573974726e6950772f3456384f3274336f6e687236642b483378652b4b2f6a6a5550684c384750677a64654c395a386157666830616e727476347238585351654550682f77434350453269362f7275682b444c7154584c54786e346130727868714f71654e3962384b615a6f75712b487454315758556f34764652384a585769584e766f64722b59596968694f4863336f3875416e6863464c4479715171313534576c6c4e537258685870597a45347a4c61324e70596644554d4c4832574b56614e5445382b505536744f685370596964536a2b31517a444a2b4c65464b382f77433263767134796857635a304d4a4448787a6a4430714d59596e44345442356c683844376246596e46314a31714d365664344f557373616a6935316175427071663356343538443656344e385a57486a572b2b4876687a5250443378712b484e6a346c2b46656b2f454c7842612b436449762f43535157326a2b4b74443861743450476e6174712b6a365065772b414c7a517455683857583931722f687144562f45386d72336537545a4e51386c2b4576782b3850614c6f747834462b4665715136706457326a65494c33552f48756e616d2b6b3366687653342f4548692f566265386d3146744f6c2f3453627864427132683642506f56376f477332506c614e724f7265472f4665766172346258527266532b7931482f676b6e6f5069547854384f4a37723439654e66694466654c664231685a36315a365a593664344e745043476b6979314878426f4e68486658506a44786a34727376434f73336568363171392f44703369585350424f6c586961536643336754536352576d6b564e4e2f344a6b6a514c50786a71742f4a44384f7466307a53394a38532f4437346b2f445858764548677765477275793154776c6f6e676d377364616b6131384e613761617a647059336261764a707478662f61724d2b4e5a76462b6f7a4a65365470455a7a673435686d6a2b6f564b4f416f59366c69366a7a66435a58674d52684b574a6f596a41596e47596170696350536c5377754c68476a476a6c644b5874614f46714e567352484653776d4a716e4a77356e55716644376c6a38584c4d36324771344f3344324e7a624d734c6a5a594b644c4859444c735a53776d507138754a776e74613035342b71716b4d546a61564832574868527034764455342f546637505877776b2b4963326f2f487258745a38472b4a4a74495936526f506853777439423062787976326d357678597a576e772b6931435054626a785a6f65726146346175395231694c532f456a617a763172374c64514e615739355966705a384250416d6a2f41426c38582b444e582b46336852762b45512b4850692f572f466e69323738522b4c2f47316c4e5a654c52597765454c2f573951305a645833334547702f3841434f61584e344e304f37764e657557746f645975352f455a644a7456767678532b44587768317a775671326a654d4950472f6958346e654b4c4f787564643144777834562f734c522f4548692f77414857476f3668476c7471467a3465384f616c70302b763655306c39723274684e647374536c30573674487664444e70706d7233632f374c2f73537a2f416651506a5270463934663841686c4e3449306678666f56356644346a2b4d5048452b6d5769654e3744524e572f743537477747753633704563486a4e37593671756861766436644c6446375458624c562f456c6f644868583466682f682f45793469346471313856684d66674d666d4f48772b65347646356a674b754b7a4a592f4759664d71646632304d73783249775470356c5356484d734265724c45564b6d486a6d3150443071744c46512b7434367a6d6a4c68376950455947706d644c475a666c4f4d66443246774758596a445a5a6c5746776543786558596e4c3854516e6e4f5652786e506c3157574a796a4d347766496e69336c75457864576a557755503157305331316579307979693851586b4869545737617a49314f35302b787474506a31613752584c665a7247576547306861636259747254576c724a495449525a777673682f4c443973545550696438474c79772b4a567a712f6937346a654c744d384c66456e346532486a3777317058677277442f7741494434583859322b72612b3438492f44767864726f3054346c615a38446454304477763476316e7842703968703430625376446e68702f4548397636462f77414c41315a50317a30432b384e654b49626a5566433369445366454670615863396c64767064374463745a586c764a4a46505a33304b5035396c645279524f477437714f475861752f59565a57504e2f474434422b487632684c4877486f586a4c7842346773504448673778625a654d626a51644857776b2f742f55644e6a6b6a3035524c71385631616150647751334f6f324b36765a3271616b6c6a7131374861336c6a63697a7637482b75382f77414a504d4d71705573707863367336454b4c7772654c6c6950724d614c70785536754b72315a2f5761736f7855366d4b72764531354f4d35516e4774556c4f663841432b446e4c445936733864686c536c4f645365496f2f566f3049305a5355704f6e54773859515643436c506c686836636156474335464b4873366359722b5362396f72784434332b4d3050784675644b386132476b2b5076464e745a2b4876466d682b494c44544e4b74745a2b48756e654939636a306a7872592b4864435454725749326e693778697030793831665576476c6e663355586a37586265665237505376682f77434a624f4c34572f736366436a345954772f443334722f44767876726e783373704e443866766557563771506a66527265312b4b4f6c36626161667033694455372f414d51615532732f454c7854716e396c3348697a776461772b48377a543757434854705045576e32467a6361746166734238622f41494b66486a58763269664176684452506876652b415067336665442f45312f34692b493378456d306e783138546669482f777258532f436d6d57306a2b45644674374f4f66556442736644396e3467754e53384e614c346a687437645a375451504450696e524c7439555754774e34423037344b5365457644666a33776a70503750766758774c38552f432f774153644147672f457a574e58302b3138513333396b2b484c61362b4b4f6861644a656153396a6279366a716e78432f77434561316d37384f2b4874623068664350686e5476447356395a5766694b443851727878574d7a5032466632733475704832574b723450474c4378784643446f314a56614e4b4b71536c5568576a4e797855385068363142756e532b755471565868763047474c70346641776c682f59786e374b4d716c476858773772754656776c43484e655631546c533548484430716c574671637353384d3661703176676e345a2f432f3432654c745748694348777a59617838544e532b492f784e2b452f784e384f33656d65474950424633716d68616e70386c2f71397a66612f706d7665442f46326f2b4850682f46343753795451727136686b58536448384361314a6457656f797072583078727678542f5a552f59372f414763724451504448777473766733344c315855744c31667844597a654a74653072786864654c5043457366694853645a31572b3150784a65654a664630756a58756758556b7677383033577232505764536255626150514c2f584e626873376e35387350474d576c66414358775a6f33784c384d654c6a385437665774532b47476a2f41424c3855364e38532f426667547752345731424a666948343238526978384d65444e4f385a2f45763467612f6f2b6a546144344f3851327570367a34637672727866652b4862534b4730734c62572f77702b4b58374c7678456838542b446a384a766a756e696a582f6a37345775622f572f45486937346757793662346a306a773334612f34527a7848642b464e592b4a4d326d654a50375a386353586e68547762346230505139553069797339553855572f776e307474557474453162574c5437544a5648417155314b745672596c4b724e315974716e55396e5470796e4a4f6c43644f54354b736c503255464e56725368546e666d344d624234787164525531436c4b634b6349564f5654702b306e794b436452517178546c434369353358736e4a5661744f555a5036342b49762f425354586632682f6942344c693858616a5965437643476a7034693859487848706e6a585439413862366a622b4974503841456568365a34623033776234347464516d766648326c58365261663462516638497a62525034597550464f73613539723154776b397756364c2b774238512f67312b7956386234394330377758384548487731384a32462f71563571742f3477306638416146313354644f317a512f4657742f456a56744e38542b454c5274643863365234743072554966437668585539464e74345930323869307578627754344f76644a3850334a587677727871785535346e6c62733070526b727032536161736e384e744c3632623165766b5671754977732f5a55384a4f72464a4c39302b654e4e3375344e776452726c35744f65307261326356452f4976397250344f5858374b66697a7762342f2b482f6a625739512b48756e654f3765587776716e68445239544a384161683471302b665252716c2f3469317931312f5174533148552f4a76644a314c5337612f756f4e5a2f744f2f6a756f37432f665237694c6e592f327a2f69526f586a4851492f3755576234566161645a306d37735044476c334867362b385265454c69364e3562334f72523637724d4f68477a6e305a7445734c6e55317366497362652b73744c684a6b74593770767a54746669523863766a4a3457384f6546395a6e38532b4b7644486776556b763761793054533737564c6c664573576951614e6f626e56504c3148556c4e346d6c57304d6568574637622b4862474f3331487842613666424b57753139512f5a79384b53617234375266696c346338587857446146714e70346b75722f414d4577586435726d6a33386c3950596168704d42733775353162575a706447752f443976716b666e7861475574372b7a4d64707046776c664d2b494f625a4c4b6e78426963767736776d417030595673566b74484631735a6971644f6c4b4f4b77324577452f61724751645045304d5057773147456e556a5670594f5648336f7868483953384f73506e377163505950474b766938566963516f35646d75497765487732477234694e4f6c683852696366547034643443744774517156364d7174536a4b6e4b6e50474b713478316c39552b4d76322f5067425a3646384974453033346158652b782b4c2f414d4e7647586a78644a317a57376a3456654b764376772b3038584e7461333368653638505764366e697277374a347a38613658653674344c764e42756455314b35764e54314b50556f4c3753626d48562b4a763762576f2f744b57782f5a642f5a52385066456d782f5a796e763751654f66482f774153644274645a38627951334f71577a666262335864496d316134384d326571616d733135715773587575793674725676714d4f6d7761566f76396e586e39732f545837465877412f59682b4c66697a542f414949332f77437a4c663841694c347250384f50475869507868662b4d76453178633654345838565757733642357076376b532b4954613664454c65356e737462384d61447130393961616e623644724564784e48627671503750654a663841676e396f75682b4174493848364c6336503449384e53336c2f426f5067725437472f314834657733477532743264536831534b4c2f6846336c766c686d61473531616252374b5777466d4c37537449687464437459624837664c634478546d334239537077585777655955714753346e4c7565655a4e597643346565486e693434476271556e53784e58457964476e7951784e536b33567053693559617256552f684d6250682f4a654d6f59666a656549793736316e65467a52344f475656716d4278396546656c6835346854685570596a4234616a4b6e5735702f5659566163595467375634516c483830503263502b434c503750666a4b2b6738623676346b38632b4f39556730665568726e683279386378575931472b2b7a5372664b306e324366564e596e6d6c65555354514d64494433316e666a537459303655777a2f767438476668423449306e7737384b724c344b584e6834572b465077717664566a6a2b46734f6a616470746c2f61326f36507041302b6255707445577a6e3033554c5451727944585a744f314779754c324858622b4f62586f70645174354934666750396c4c785a2b3046384939482b4947702b4f6e305762576643327461315a66447a525048506854784c344c314878566f634e6c714f727270454e2f704c616b4e64385661703450754e4c3162523770626278505a363372646b756a795845563570586849654c66314f2f5a382b494878452b4a766754777a7132762f41413930667776346a74377935583470744462334f6c615a643671624735517a2b4864504c334774327571616e716961627173386e696a54745073356446754a70744e7574567470644f3165343750422f4c4d4468637379696e787254654f3430784e4c4634617056786978324b574d6f354e6d75446e4846594f5558546f594e564b3071547a484231634e512b75344c43346647564b464b6d3638616e6e654c654c784831334f4b334276734d46776a67363248723031685867734f734e567a374c635771324678314b6f707978303850537059696e6c6d5077645362776549784e66423036315774436c4f6c582b4658374e48676a3465514354555a4a664832713257763375742b4737337850625233304867394c6d327537424c447778625854336b316862745a58636f6e575738756f306e4b4a7073576d32466e70746a5a2f536c76596b4d4a4841484278786741446f423759347832417830484774486171682b52516542323341593664787a30362f58474b30496242704f6f5034594848493577423348585051347833723932792f4435526b65426f5a626c6547705948413461447030614e4c6e646f756336764b366c575536315439355671535471564a38764d306e4657522b42356e6d475a35336a61755935786971754f786c65536c5571545559526375536e5439326c54554b564f38595154564f45497963627935704e74306b546f7167354854736f394d3834352b7050723644517472434d7a3239325969627133677562614b6350494e6c7665506253334d4a52574353787953576473354569755561464447516432647131306b6b6a49344a485563666c314a364450543072704c54536341664c302f695033667741355055647a333435726e78654f7739614b684f4e4f63497a7031597170425458744b4d34564b56534b6b6d6c4f6c556a43644f5373366334786e47536c474c584e434e614d6d3475644f385a51664a4b536b345649756e4f4c35576d6f5470796c436350686c4354556e5a7446477774376c357247356875486775744b6e6138736839707562574b346e56415673373653335a392b6d33457364764a635276613354515846725a616c5a6f6d6f61665a7a7866416e77782f344a38362f34442b4f2b722b50376a786c6f2f69617938644a343638582b4d2f476b756b366a70562f4e3468312f58626166542f414e7a3463384f654d504454367a7044615434702b4a4d4f72654d3966752f454f73612f476e674f323157326748682f574638566670666161614577534e6f505167444a366e5054486650304150484e645270566b7a7a49416a4d716e63797146444f564249525337496d357362567977584a487a415a4e664a35786863426d38384e4c47516c4e344f7253725966574e6f4f46664434696434536a4b44645234654548506c397243446d714d3662715363767073687a764f6369686a614f56567659787a50447a77754d68712f61776e68385268344a79693031374e5971725569755a3035564f57566146574d4642667a726638414254722f41494a6366736b2f46337876726573363738504c4f587872346738432b454e55322f434c54526f50784b74727533573738473654346a736e6d763841564a627677373466683047337478344f74724f39307979384d51617671552b6e367071466e61367434642f4237396e2f414f4876676a2f676e582b3342345438432b4f4e503855367a38472f6a4234456731503461654c76694661575068765850426678423162574c6a5876423267366c342b306e547452307964645330625274516a2f414c55752f4464766251654b3951314b3066523765507731656549362f74432b4950777938572b497644712f47693430375746304c536641666950785a71476b325078587676413065733234302f554a764433683778424c34393033577466305234624b3430375650456c7a7066694a66444e30326b3676704f6e6547377150784471622b4a50796e2b502f414f7876346f2b4f336744516669333856766864612f476a7750384144727768346e73395130792f3058777a347574462b49566e484e706e69534c772f70766843396a315478507248675078506470344a73626e2f68434e4b3172536a7033694777314f786b7337505370394e2f412b4a616c4441724d7131504c61395442303656544f384a6b6d4279696e4b45364372345a596645526a576a465561744b626e586e546a50324d335178565374436a6831546e502b6f4f454b6631355a5268316d2b447775617872595868724635396938336e516e504556714e645673746e4c444e665761474a705533516a4f7176623031694d4c547054784f4a68566f30766e4878462b336e2b7a6a3852766946384d76694e4a3856492f687234307574513144773938582f4142355a2b46375055664234757458305855627577305478333853395030452b436d317136735a664273317234576b2b4932747a364c6478613031784870773858576b466e396d61683858666958384f374f5666696238617647326a2b473550686c5038517642476b65454c72774e34333846664654572f443978443449304c543952314852376278727258693232764e4d476c5336316f2b6c61686f31316f747a6465494a5045634773364b6442534436312f5a382f59642b415037523377362f5a36384c42744f30377758346638472b5039502b4a6e6772546667787150675477333477304c587269357337596547627132696a68384e3279613963654f64484676724776616a4c6557327158766950777a703172444f796a387766327950324d66462f68543970485450696a385076677034342b456e7766386665464648684434496164722f77415150464d486744785a385072545149724b342b48466a2f5a65672f442f414d4a6549766948704e764661613334493858654a66682f706c747150682f536f707645582f453375426f667766457552357a6d553559374c364e4c4234724f49556f304d3068375631637756584b737472596e46796a537055734a6735536847725472593274586f2f576358694b4d4b732b65685357472b393462346c3464774e576a6b32624a347643354639616f347241564d445168504a6f59584f38366f3450425961706a7174544d4d62434c6a68617450425563466a6f35666c314f72556f7169334f6c69667444396b3734586542593950317a347a58336954524e582f34564a4a633670715773654c2f44326b61467147752b4b504775747a7470466c705357734231505537714e3966744934744338593666706e684b433331792b54566c6c76726a567269772f5a4834582f4150345a3666346838572b4d50436c3959366a72577436484c7075763841684c78545a61627137654376462b706546374f34612f466c2f62642f712f6872575a74433852615a4c4c6278534d543462385276445a5839356f6d6f61444e622f7741746e77722b4c5631384d2f466569545771654c64487550444f6d36687033686a532f6948702b6a773232763648346674626a5357384d2f3242425a66454c51784c4c6f68456570673637637857756f32526930362f303635685744536633763841325466326c395275666874667a58382b71772b4c4c36564c487744345338535458486a667850346a2b3354527961466f39716e687257644431617830474d616a707a574f723672705564766336572b7032304f725846726f756b616a4879634934724a4d466d4f42795450636d71316331773965726d384d79786462477a7259624d4d50673534537455637362695972443156526a526f77774371346a447878315259716a375234756c50446448695a6b6645324a774f4e346e79444f3554794c4d4b4f46796434444351776d487731624b73586961574f6f555668634a685971766866724b725975654e70304d4e5556437039577230734a4841316c69763033306677643456384f7a584e7a6f50686677356f6d6f6168625746727174396f756932576d334f6f7070734174374f4b377559597a65585546704875537a6975376d344e7647376f6a41737a743156745a75785861765048414277634467482b6639526730654168712b742b4835376a784a34647476444f75576d74366a5933326c5769366b594932555739334738632b7232746e714634664b7530696d314b61307478714d734d6c35444246444e48476e70467270514141433752304941424a47446e6e387836484854312f6638414434716a5677314770516736564b635033644f64463465634e576e4756475559796a4e53767a4b537535617475397a2b57385254725272315956366971315953354a56465656654d7552526a486c71786c4a54676f4b4b673474785546474d624a4a4c78623479614579654244385262614857702f465877316a573438507736504a72556c7a66576d736549504330757461484861615466575370507261364c59574d4f75584b58502f434d4235745a685439784e6e2b574c777a3854766933385472337856345238592b4b50445037506e67547758384e76463274614e34626130384265494e642b4a486a5736542f41495372784470586937557074585758774a3851376a51664357702b427645586966784871327174706b4f672b455a6f744530323975375852302f72482b4e587766384145337859384936626f58686e346a2b4f50414d6d6e36765a58756f36623452317933384e32666a50546e7537474b2b306678507139765976346b5852343950572b452b6e3642712b6979616e6233563161766451587a615871756b666b6a34332f7743435058374e50785a736647507875385232506a6634712b4a6646587844385661373432304c7774346b38612b476446752f477366694d36516645576757306a585771654a4c44775063574e315a6166657a573531587852595065366a44346a742f446b6c6a3463742f7a72696e42597a465a777132466f31765a764277565a30366b5573564231714d635258684746656c694f6643716e684655396e427a6c4255317a657a5470562f704d6c784f467732456e48457a6a3754327358516c794f6f364d6f633834556e4770423056477370563753657163706374702b39542f4a44512f6a33346231483443582f414d56764558684c5576472f77312b426d7361393436314b304e7234613859664554572f425773522b4774583850616e34453169665642706e7846384f2f442f414d50614c4a4e3468305350556a61614e615856726f526a3076517a705639726e7a312b783134472b416e6962583758542f472f687678424e38563966756646646834577370766779742f345a384966414834716543722f414653322b4c4e7065363370756c2b48624834506550597033384e326570654b56384c366c384a645631614f393851366c43774544666148374c667773312b2b3166384161672b48763754307435384a5032632f4233695339476d332b756e5859394c2b4550776638442b4d4c7a5164636938522b45664548682b447766344d306e784834625333766642586a39726653467572776549376d4853764556787032745874682b686e7856314c535069586f566a384450324f2f697376686d77307950777234772b4a33785530377736766a767764714877587466436b2b6e445239623133524e6530765837696678666466445458374477784234616277766f4632644648686a7850344a6c67385161502f61324f5834524f464f70583534535873355370797171565231497a53396d32704f6270306f513071536c50326c4b6263656153696f2b68694d5736633675487079763739586e715135765a7853744f446a656e4a4f725671563552564f4470636c6455564a77687a716635322f7447782f3841424e2f396d6e396d5750772f38535044743534372b4d657066446d3948777454527076686e72336a337735384e3550456e68767852384e504750696e58664558676258645330507734385770654562477a73702f42506a5052626253394b545459744d316e51374c7844716c755639726674482f414c43587846386466447655506866384f76414869445266676644384666435069537a2b49486a797938476174346d38432b464c72576645506a6a5839447364493062777a343438542f453378526136316461504e4c384c4c4c78446f452b6c365238506644476c65444e66592b4962477974697532726936744b536a55773948444a4b314f4d36744f6a4b554954634c76334a516c65555a535468556c614d6f7561684a7452796f566350374f4c6b73526a4a7963616b3354776338637163716c4f6a5535584b6e4f4c6f2b363478396a4f4e34386a536c4a575a38432f423739687a396d4c396e72784266616a385066686c70566b3757734672703874396f397034797572656137316b54504e352b723656725770574e31486633456338643570732b6e775261586353796174444f6c6a6661684e374c3858764365702b4a50412f6950556450384861423471317547445256384e32756f677a76464c59517a58756e7765483950687334726132765a39586c5a2f4d7433676e31535337686a53572b733754546442757670714c513165534a6d69337444494a4932497a746b3246444a335863554c4a754b377770626156795257387668715338757446756c764c697966534e522b336249504c654f3855327339724a62584563716c43475363374a51476b67426b4e75597032696e682f734b72553466792f4159724135566c4f55356254785646305a51776543776d486b314b6d364d5a564a526f546c57634974546a375653626e464e793936556a2b6259356e6e324d7a544134374d38347a504d617543784e4f76537159334734757647507371734b38595168395969364d4a7a6a4b6c4e554f533147646c46714559723547384766732b66433465442f446e694c775234414e68347053585772473438593635345830522f47642f62326433646f552b496d73612f6157666a4457374f2f3153787364567559373638754c35584e325937694b4f386e6b752f7247323847473568306c4a7447384d745a365a663239315a36624e5a694f7a38692f7348734e5a756e3038574c32396c7163396a714f7136654c636d38676b676e6549335676466458555461313934793847615834683062775a6336745a33766954586645576d2b466e304f79754c4737764e4c7639653048586645576c6e58374d334b54575674716c686f463831736a7853334e7a35304d73646f396f38317a463076694878483451384432476a3376696a58394c305854395831327a384c614d504e522f742b73584638756c7070326e5157336d53584d31704f7367764962574f5237474732755a5a306a6a7470696e793248786556355443725042787757456c546f5961686970594f464c41344f4b776c4b4e43446a68594e30634d6f7874467839704a4a4b6e43556d71634c66513437455a766e55714650472f58635647574b78574a77454d5855723437477a6550722f574b305a59747868567866504f3735765a4a5363717334704f704e6d544e345a304a62694877764a6f6433633642722b69617062585672466461736449306d4454594c4c54626548543074334558683234757258576269473375394d75744d7559784137577539784a5062522b457668646f6d68654a722f785847326f5865702b526361445a7a36737431633368304f48793230684a645575645931485564626e3074626a55374f50582f4544584f7461684866586a54756b54515379656b614266614234687638417858706567366c48716c37344a317765485045734d43544c2f5a32726d7a743734327865524653634a4863434a356264704931756f626d334c43574278586257756c73434e79716749484147542b4a78673953414d3866584f6562455a745472527079587333374f633551715533644b72475534564a786c54646e503371744b6678613838576b327a6c6852784e423136616e5768395970516858703162336e526c476a567052636171636c46714e47704353532b476e4b4c5355546e7262533263676c646f59384144475236644431474f5350365630396e704b6b4162514d4c6b6e414148484a36656e71514f7648707557326e4b4e70326b6a6a6b6a6e6e3041783036642f7a466263476e5a77434e7648515a5072314f655436347a69764f6e6d4633647a6b394e3233707433622f727a32645042536c736c6652583053573358543772335374356f786f4c4747506f766d4d4d676b35786e50474d5a7a78365948664a72596774474f414556633477514d6e4a7830794342675a393866544e624e76706d4d59584a3641343434786a3278327a363847756974744c626745426334505450366450543865784272687159352f774136696e7439703657576d2f662f41437364644c4c705464765a70323063706152366172713135727076314d4333307a65775a755267453539752b4f416344474d4165343635364f307442446a79787478333963636366546a3136636b43745744546c794d5a4a7a6a6748384d44302f4442485471633739746f3868326c596a6a337766666b48424750636335794f42697553706a494c5764574b323633627330744572373374666537365750596f5a6571646e797079327534374c54534b576c726157336634486e766a62775646343138412b4a2f444174324e3565364a66327567533272525158656c366e64366264365644656166504a6536614c4b564c4f2f764c5353574b2f73332b77584e3142484d766d6c48385938542f73312b4c394d38532f446a7844344475744f6b384c3266684458644f2b4b666879387446314e372f57594e4c313550446669537730573431466f4a377a524731657a66513945305a6e4546393465302f5472693531424e5148694c5376737931306c6b4b6c384470386f794150546e4753534f7734366436365333746e584151455948484831783249373938386a317235584e63486c2b5a3131587177715272782b71756a69614e523036394634617437654d71553164306e57546c5178557162684f76685a75684f61696f7150312b555a766d4f565548683644707a7773767261715958455559313646623637686c68716e74616337786b364b356352672b5a4e595847786a697161397372767a7234652b45376e5250685270756765457455764c4858722f77414d7644616549745830676546395430363476704e5176724736756441314c52723632307937384f6632724a486132476f2b4870596d4e6c4462366a5a2b555845667876345730627839346e385a615234353852654b766968385476684e343430585270394f745041636d684e347a6e7634644c307930736456384f616c34555877316665447449316278743464467a3468385952617a4e6161753047676146346f7364506938547a61506f66365957466c4f6b69796367676767746b415a77526a6f3350317831373472596b6b6a384e2b484c6d54547261613274644b7333466a7047685157566b30726f72474454644d6761326c744970377155694b31686a74393831303855454353547a52785365546973757056634e674d4a527279777546792b68476c526f554f62324c644f454b564e53707a6e4e53704f6b363061384b7a717a724b55464f71375464543038446e6458433138787855384c52784f4c7a47764b7250455634556c57704b724b6457724b685670305979772b4968694934657268367548396a476736645251704c326b665a667a6966455038415962754e412b4d48683377763456746646542f446a54506968346a7339546b306d4e39574867335466446e696277706552366c63654a7463384f6148654c714869625276464e7059586d6b336d71367a6f45576f3644594734754e514772366661614639342f73615773336748586276773734792b44666a3355686547485172445774473079783167654e66456e68665538364834756b3850366659526a34642b4849394e305637367976745638553271584676716363467a59516548372f52625a2f30443066345a617434753071356a3865704265545865766131714d4457567a66515357793347706548373754576b755a72437a6b6c54777a4e346674344e4675626d3274745631474a6d764c6d7a303265376e756f2f5976426d6d336d69784e593364707039734167736f4a39507359374e5a70644f545a636d4e6f354852625855576c6b314f3274464a6c73586c3148547043496243434f507731777467714f496f596a4131616d4165486e68307156476e532b7253773248776c484255384938504b4c67365031656a5367704e2b30744432616c395871567146543658462b494f62356c6c31584c733167737a685570312f61596e45596e454c475046317366587a47654f654a684a536e576c696352556c4f4652537056456c566e463475464846556475464a37714f336e7572615730754a6f595a72697a6d6b676d6c733570496c6b6d745a5a72615361326c6b74335a6f704874707059486443305572786c484f7a4261674251465049794341636e36636a48666e486363566268745759673447656e2b796f505448485538357a2b56626b467169636e7165547a6a762f6b44476576705831484d33707a637a74713772586137646c613733745a4b2b7952384261327475574e394572364c6f6c647432573132322f566c473274485168686b486a6f4153636a75547a7a3349353631717777434a5371496b616c6e63716f43356b6b6379534d636251576552326b64735a5a335a79537a63324146474d59413664735979334849397364653358675a506c3952303976622f414766302f544f6348396631397945666e663841466a396e7657666a3276784f3162522f6941392f6f3369725550464877793158776834553143786a384d527769356d38442b504c3378496d754a7164687133695a4e4430485450425770527a365554345857303853334768615671462f71563675742f6d542b77682b7a4c38662f6772347954577646576e57462f346a38592f454453504431376f6e784d3852326668324c77464438487642766844512f44657565486641476951614471656d616a342b30545266466c396f666858516647666933526258514c50524a4a6448314c53745131767854642f306a41494d37516f795363414b426b6c695439334753546b6b354a4a7953652f4a336667587768662b4c4e4c3864586d685746783472305779754c44544e616b6a4c5846724263704c437a4b6e2b6f65366774723355724f787670596e76644f73645a313278735a3761303133563462767970355a46316f59696e556e47727a5239703731347465305653556f4b616e7976343179374f4d326b34754d5775364f4e6c3743706835776a4b6e4b37677261782f647970704e77644e746677354e713135556f336a4a536b6e71364871583974615a623669326e3668705458426e57545439566868677637615733754a7261534f654f43653467495a34576b696b696e6c6a6d68614f564832767756722f41436a4a3437385a4876366a324750363979765553305639576c766264392f4c56584f452f6e7a673046693735694d596a4453537979454a4447694b575a336337517152714e7a4f634b46424a34466553654e666a58344e384961786f666858776a7233773838652b4f3953316a527265343847573378463850324f7457756b5831396277585637446151767145736c366c744d317861577430746e424e73565a6275465a55592f682f3841472f3841344b72582f696a5266473377412b4c50784c2b472f68673678715631384b2f4863666774644e302f78422f614e305a7062753173704c3458393562577374745a33466c6333467659514c644154573176653239314e48412f3533586e6a54396e7a7768722b6e6174344a38632f462f524e5174374c2b304c79353172584a566b6e5358526b754c526b683071774e776a51524c617070364a4642483563793735337462624d7634376e58306e4d423744447268376872692f467648556c694d4e6a38546c564c44304b754735666165317756534f4978384a7570535546517131615571626c57684b564a5263584c394c7962364f3249565370567a7a502b476145614531526c6863767a4b574d6e48456371536a6a4f656e684a55564770666e70776d704b4d4a525653366150336a2b4a763841615366746e66456a346a47396c38486644663463654a766758347a3158787234777464637366446c3170666861306548553476446d70574e39505a3631716433593364776c6e3455743950763961766f3769376773394d676d303378506232766e64372b3079336a58344a2b43666856626544664744747148782b3133786a632f465737754c72546f50446c6c4e34677639617470597441747244785272427372574c5766746437716c2f5a65456265314a74453044527645563474396677667a5066465834332b4f64573854584e7070766964745330765559626654644a3133784c3473577a317944563854586c37634852745a744c6430637954797741526d386e4a6965475a767445674676375a2b7a372b30313437384d65487455744c3237306e78526574624c635452616d3974424b302b674c625146704c7a537243614b547a4c4c3756484948745a4c75337452484c3972302f3537694c342f693378693435705a624c4e6367345a797972444871724c475a666d65617a6f343274444d7358527138314f565044796f344f474777394b644f7044453034346856343276527446542f517547764450684370557775427a66504d306c4c4b31683434664d4d7379694d734c68367558305a556f55705178574a6f31736255713136314f547130616b6350476a4a766b72796b34772f7278306d302b4c6e7778384e66487a78646f643734656544784e38634c4a342f4656763469737645657036336f6c745a33313959586668335476434a314e37665676455965777666736d6f61484c594c5958736d6c616a61576c386b317a4836312b796e2b312f34512f61572b466575587568445274572b4f50676e5264543162784e3850624f2b62537258554c577a6b6c6144557443314f37684d5639624a6253574b617445304e70643658667979327433615151787833633338596d6766384643506a683442752f433076674c78684c384f6e7650456b5639444a44346776744d38492b4a72617a3149322b7057736c3964574e2f4a504a4e5a51517845764a4c64524239306c7063764e597176316634542b50767750306e3467654a4e6638472f744e2b4f5042486a474a764564366c38326a6176426550346a75394a6e75373753504465722b477451746f6646646f31356550474a746574744f754a316869754e36724a4d44314c7830346d79535566726644474a396771654b6c54772b4578574e7a4e346e4472464c367a586c43686c6465686c566643563639364e537469636248454c3678536b7079704e523850462b4533447561527155365763305a346d565444387549723462435a66556f316c686c444434656f366d5068557874444555634f6f7a685368686e5435734e557079684770373339556d752f747966436a512f67357158784f3058514e612b494f743662346a69384a763444384775317871353153574456726c745375495a374e645668384b32433246685936723467734e48316130736461317654744d555844547854792f62666733556644486a2f776434582b49586766556f7463384a2b4d744673746430505559476a637661336b516153317530696b6d5731314c5435684c5a616e5976495a7244554c653573703973304467663535506a6234352b4a377a34682b45395438482f455738314f2f7450446d685743726f6776674c4b386c6c7339573852327478464730576e72716b736c7462746579327761655357336c62564a706d52386632582f3845702f32767642327466736e2f44663463654f354a72752b384b616a3475307039645737575855624b612b385861787253324f6f72654f52654f4531654b35686c652f45363274334247306b376f30616651355a342f345843346e415134306c547948435a6c673577705633687352556f304d62547277644f574b7155384e3758437772555a5671646174566a5043526e686f5634564b4e4f64566e7965503849717336474b2f3163684c4d3856684d544b56536837536a436f384e374e63384d4f6e694a3038544b6e5655616b61634b69724e5635552b57744f45452f303774394c595949586e6a35654d6a7477426a7279665850314f64754453486c783868474d395152676e39656679357a37564434372b492f77772b486e676d583468334f75516137705175374b7974394e305734303461336458463433524c48564c335446696a7459556e75727565615a49496f494a704e3742536138352f61522f61712b4633374e33774c745069376336686f2b703633346e306930315834652b454e537534306678513633316a48712b6d327433593358396d584f713662595333387932467472412b32584e6b304e7263536f79504a2b6e783432794376536c694d4e6e4f5859796a48424c4d593163486936574c70564d484b61707872554b744364536e5655716a564f4b70546e50326b3655557231494b58777134617a4f6e566a5271344447554b7373543955354d52527159656363516f71637163345649786e42714635536c4e4b4b6847636d37516c6232757a307279547561506e7154676e41786e414a48635979632f6836377356763043714d44716344706e48484866384148703039507a4631482f67734a38432f4350687277667076695434646135346d2b4d4f76366262582b712b467642397a465a65464e456a76744e746455735a745538513669326f79615938304e326c7250707a523339375a5838556f6e4b32456c70663350754867662f6771662b78703471385333506850784e4c346d2b48657032576e525873393971384f6e363334666557555353573056707258687538314a4c693131473057432b307a555442465a58647265577a504c444a49596c3857486950776c694a5269733977554a7968536e4b4e5763716361507445326f31716b6f4b6c536d6c475850476456636e4b2b5a7048645068584f634f35526c6c3965584c4f6365614671764f34536a4675436735546e4674726b635979356b394c6f2b35374c54764d5a537938413953442f512f6d4f334a2b6e5732756d78384659315847426e6230344849794f5431357750592b767a7038502f32332f7742692f7743497436326c65452f6a583465625549306552625456494c2f546436684a4a59466a6d7562574f326b754c75434e70725778535a723652515958746f376c576858374b66535769437952374a49325657523059464756384653726453477943434d38636e726d7657776d6635626d6c4f64584c4d7877575955366267716b38486971474a564e7a66755271716a4f627075584c4e4b4e537a626a4c5238736b7553746c2b4b77736f30385668735268357956345172305a304f5a4b7a6268375252356b727139746c4a64306333623249474467636453526e67657877426a31782f4f744d615a44634c4572525279694f3474727051794b323257306e53654667546a597979527156594134796544576e465953486a595850484147564850486274366b59782b4e6264765a34356b6a5642786a424f343434504765426b4848352b31646978446b727658702b576a322f58314d2f5a4b5078326a626f6d6e4b7a36704b2b756d37614b6364704b5343352b6934774d3973444f57397576493936757262526e41614a704372626c7975465677636772767868736e4a494f6576626b364b7142674b6f48626f507033362f35506170524778366b4438687a394d67666b54323961754d366c54614c6633323357386e747673756e345a756169376369532b56396250582f674e58496f30774f64716e503365704239506676303735786e4e57564c386a6a7230376e6b6568504f50666a486f61357678443472384e6545725958506948574c4854464b5353517063544974786443495a63576473474d3931497551504c676a6b624a5559334d6f5041326e7879384733682f306550557a467944493974616f656e47497a6546797049492b594b6639676a465a54783246776b6c4446597644305a765630334f39546f30354a4e754b3133613157326d723270594c475970633944443171734576696a423876796b336154373262647a3259453536642f3841614863396550583139656e6f5a5050485047667665672f7a317a39652f6a4e3938656668337064356257477036315a61646533635832693374745176394e7370705964356a387849376d386a637235322b4a57494165534e315173566344496e2f61552b46647466366a706c3134677372573830754d5333693356315a57734b5265524263423075726d654b3175503363793557326c6d64575752536d59323277382b79644f7a7a44447033356669656a74657a3933527461712b2f51312f736a4d742f7164626f39556c612b31377654743636626e7632546b3866586c756e7a653335652f515a364a6b2b6e503841774c50384f66662f4144332f4149766e615439716a344b57347568632b4f4e446a6d7472616136387547396875684f49304d69775730384265337562755253417472424c4a4f53484f77716b724c3478612f3841425244396e2b4e6643466c72462f723970725869533374767463454f67794777306536614342707a6533633931474937557a79464c66792f74467759514a706f596f675a426c50695449716476615a7068494a374f565652587852696b32375762636c5a505670536c7447545457555a6e4b2f4c677138726238734c3657626230766f6b7458736d3074326b2f76416c766d774f634848336a2f65783748327a6765684859723869503268502b437176685034626549394c38452f446277784634363136366e73726a56645a75626f5165484e483036344a613473574d633846396536334862797733456132366d772b5a6f5a706f38504e455638786a66452f684842596d7268616d4c786457644762707a6e6838426961744c6e6a7938305931505a705435572b56796865504d704b4d6d3065705334537a7172547031505a59656d716b464f4d61324c6f55366e4c4a326935516337786233355a576b6b3035525631662f4a4b3162514a64747634696d592b4a6637666135517471637437635839766341665a6261653865634e4948743175466b74626a375650456f7451704255474e766f6e77563861726a5337505437447844633365714c6f576e57756c537a77746476655861465448616c504a6c6d6d61534f4b334e6f623150736b71704c62325a6437646f34342f4a506966592b4f2f673334316d2b4676694c567251654b5044396f71616c6157477547665332634c496b4e684a4d6a776d665a43495a5968647042644b386a704a61774f69732f4d334f73367464336b56374a4b624b3751585574313574754c69316e6b6e6a455451716b53774e6745376f314d78386b4f7a627874556e352f485a5a67754a4d44673632496c68635a674b6d48654a792f453465736c42304b6c4a4b6857777a707761396c4c44796673366c424a5646374f55303343446a3964676f35746b654c78554d4d717544786c43744f6a6a634e6959754d6f31714e546b6e5378635a586b36314f6f704f554a74754575614b5335704d2b717646467a384d2f47657636723479314c777072476e7733756761437570324f6d654a3574486c313755394f764a34626e556c3079314e735962665562475053705a597034726a553462757a747049727067386c772f4a65464e42306254744676384178583465385658476c764266333071326e6954516f3439486b476e6166636b6a522f45462f6458714456377177565a72794c55744a65475335655649764c68444e46345870336a4777733736377337326138755957445843436549537a77336a42456d696959655749625573524e5a794553534a476261475246547a487251316e78587257732f4462537444302b533873644630725774576e565138556136684a715549696768764962614a476b4778626d573345376e7a66746439685a54504d35384b5044754f776548772b5834624734794f436c55776d45746936727857476f3562537739546c705536654e6a69707a6c4c32644b6e4b564a304a74537437614d595254396e415a7a5470597646592f4e4d4a5372316c683639656e4443776548715673777131615531566e50447a773061536970315a4a7a6a5769704b5464475570387937547754704f6e36523469764c686272554e6474744b612f3150544e4a68314b31476e6546343535337637363830394c32576547387454464a464c4133325343354d733037573054794a397250303371506972772f705674705771366e70313763616e70576e5846686174714e6c616170617950636d61647a2f6141757269356c7662536135557a533279574b3233325454784c44494c745666344c306c2f4575715774766f6c6a486354533355647635372b62505954334672622f5a3549625757654f574e377142444567696a75594a34376659477476336e79563945477738593642704b586476726b6438646354574c5a4e4776646276726a5749374b35506e58756f5843464c53473468757265326c69765a7239496a6352546b5457354d306372633265354a51786d4e773073666a37563575564b6e436c57644f704f6e476a6161625631536a565573524b713153546c37395370566e566b3553574334697134664c386451792f43636c43744f6e58726338464b4e4b71716b4a306c465453645432546853696b70744a71464f4559516a424c6f37543472363746724358517537305158747a46396e6974597450733761574b44544c6e5459495a6f5a2f74637344515158374753396b76486b7557456371465a6472442b70762f676c6a2b30747047672b4266456667763467613134473062773563583170727a572f69467265432b7666454f725179517a336354587a73396c462f5a476d365247733176635179466f316b664e73747362662b5069773179654855494c2b30657a68746f70575336754c7751334d566c353836573838786a61527378504a484569744545564e7a5279754c6337712b734c7a78647232712b46374f4f314d7669507a6f5a6d753562574f336255644e734c53347459594244702b6b7974655177516d41783345386b54774c625846756b38634a534172384434672b477544347a7235446b58742f774378364e6245314b627a4c42657a574c777336564356536e4f6d70756e682b65464f4c35314b72437055556c374b4d75654d5637584366474f4b79664459334d71384a5a6c567078352f71646162354b76744a52752b656e4770575876793575614e4b537038743553747a742f3365582f37553337492f674a70576e2f616c2b46656a3256786279535833685858504858683356556b6a494d5531764259515864396649684f3556737271336551735a6b38795253325078682f344b6b6638464e503264506a546f7677712b45507730313254786634592b48506a50574e5731716651796442384532303839744a624a65364e706b326b78776172504a64334e316476716b6153574f2b786952557562536151482b636651726257745732445376435869485864374971697a307a554c7a4d6a4c6c46627962575270447a7555416b6c6334554b47632b6761442b7a6a347876644e312f774161782b45504672366470594d2b74533668704d746861614a4b4935706279532f7664512f304747307463493076327537674d766c3745657a666c766d71486739773934615673506a63583469635234797469573847734c3766413562683859367168434561384d48474d3550327673366c4f654972796371314b6c4a633770745030635278726e5846744e30735077356c736f5966392b385855703173585877634972336e43704f6c4254356f536c546b2b56796a546e4f334b32704c376c2b4856747064723473302f7741586547377162784c7045656d77616f7474722f69435348584e4545396e48655354525447427258585a644d6e4e78655730614e5a5738734d4253534b59794d712b3432757232666a33577253625866464e2f71766944566c7472485364623069364f6f574e37613657386d6e576261723464755a50747356773468655557317263786b487a684445784b5253664558774d38566a784871553269654832764576395257773039706b6536314455343755794e5958653248544c4e37654e6f4461504d646d324a67306b536d574659466c2b38766762725877782b4166784c736b3863786133346b303679767035722f56354e43302f54376752425a483832306e48324f2f68753757387635375a39617339516e316f6a796d686d74346269614f44387a346c786d665a506d4f6231734e567a4b766e324779696852775644435964564d6669734a683155717856666d7031384a502f41476d725368374a5559665870755874614e577046314b6633654279664973565379654e4f6a5371594445564d54567a4634697450366e517250326349536f56503356614d366b4b645a36314c554879386c534e50522b3666427a786d6e68367a38563661622f56494e5930703331714a49704a744775395430324f4353585533306257314350615233734d4c775233736c76354c527a666149556e6c6b3869502b75442f676e622b32626f4878672b47792b4866695634303845654866472b6752576c706f33674f336c75374d36463453307578653030717a6b312f5872723752347738524379303036683467754c52466a74486c6a4b323976484b73455838366b582f425250396d54584e4569384b3233374b556e7848307652456a3069323852654a4e443075585878396f38364a574770584f6c6a575a5050684574715a3758552f4a534a70415159455247305068312b306c3442303237312f552f6866384b2f4650776e38552b4b6449315451344c7653666a4834616d6d302b43394d50327937306950786a704973644f75705073317062794e4472396d30635378774a64524759504a36764176694a784677786a7035766d2f432b595a4a56784d464b746863666d5754787979745571595a55713063586836576359484d61644c33586d4d4b56544c36797731656f707a545643684d2b517a37673344357a546e674d46695959716c54717a2b72346d6851784e5776476e4376656a4f6e576a67385451636e464c44546172776c4f4d4f5254616e4d2f6258396f2f2f41494b382f42377731716e78592b462f68452b4d6444316a3466616e726e68752f774448726e53644630612f312f51376f61587147672b484c322f4636317a66336c356351726f383851303858616f38384f70575152576b38372f344a36663846532f47587833315a4e4738656166705674345868684974726a5664576d506932614e3470376d393175397574596c7472535054394b6e517776622f41476d6561485334345a6d5357652b745a472f6c4c2f61732b4666784d307a784c725078453861616c6361704872766961363855362f4c722b736541573166564e5576372b326e756236665266446e693778506242626d53366e634d4c69654f366153546262434a486a6a7a764333375757742f447678426f3933384d3437474b58514959496f6a71756e7270503275426f494c76554e4c75725852583079474f7a5856583165357452433178615457576f7a7942477644497a6652314f505045724f7332796a4f38687a61655a554b656130385269612b565671644c4a384e6b6d457857477259764b6e527058792f48547831436f36644836323674534e36645774576673616a6a317834563446793349637779334d4d752b71343672676f30614e5047526c587a43726d6c616c557030386654715466316e4455384e4f6e7a56593075534d6d33436e5358505455763775764550376576683755644f67314c3458654832317653622b4756744f3851363349396e627a4e48504a413073576c784133486c724a453456626d347435577972535178685447337a5a346f2f625338617a347439633866512b48345a784a464c62364e62576c6c4b69424e374d397a4247312b684f30524132306f6b5a6d324b6d544c5838376e77732f62653852654b3949384e2b436233772f6136566136684a4a5a614e714868714f2b4b57757133522b31586b4d304e7a4c654f596d6c4d63706c745a462f732b43574b615a704561346e54755a50453270584f6f53746558453830786b4c4f30736a4d376c79666d334e6c6e7a304c7366765a7a7a6e50374a6c33694c6a2b4a36453555735669384e566f564668735867355535594a306136552b654873714c564b634a756e55354a4b745739324c55704b555846666e4d2b467375796d535377744776475364576e57356c5776446d6861546e56546e4763564b504d6c5470726d6434704a6e366f654c763274644c686c616178683154785a715368562f745858623634454b716e6c6b496f6b6161396e5862756a43764a614243455946314a41386a752f3272766958714d563162324f6f572b6b515853504745734c4b465a494565344d34454e334f5a706c66626d334c4e4932594d6f7744414f5069787463746f59314d7a6d5a6741336c4b51647836674d334b6a6a6a4763675a494857737554785a636f5a52414568575253717267355545357975446b6b63674538663367515456314b2b4a6d3237564a5365764d354f484d35577631764c5233763732793162304e6f2b77696f70387349725a5269727132756c302b587470626436614b333156712f785a3854654937356455385561766536766478784a614334753534304d4674624c49795151784971517038374d57554b6e6d537953535345794f374774652f45453264764a50612b566353515352517645484778444f794b4863414935614c4c4d5544524b324d45344f522b6676785a2b4e316e38504e42314f2f6e7546665537505450375350323252594944616268622f3650484372334539794a466c52556a6a2b2b596d6d2b523061583458692f62493158787071476a5261524e6536462f77415443613531535333753176644b4e6c426f746d4c2b32745757514a4a4c664a71647464615930724f73663264784d2b384a4a4c77777134764571556f3035786847584a4f6f37302f6654753270314f567973343261556465615065783366556c37764a4b4e5736556b6f793970614e6c724b4d4737526434744e536c6f6d6b3361352b31506a33346e5745476e7833556b74784c6532567862793341457578374b4a6f345a683545617a3277467649513235694d58477768597979632f496e6a7634746170712b726d2b747454754934595a64397346754a3852524635437345556a534b66496a5a355274694b514d4a4d46446c6c7238364e622f6172767451636661376d5331756e745a376d2b696c686c6a736d764a72715054744c57535734486d2b5a6257733931717434374f593758544c4b36754a696a4a486e31335150466c703468304330316c376f4c464b766c4e6349496274705a56676a6b65574e5970566961495376354d726559706a6e575a45696b38766e5045595630595278654f656a6b75574e4f4d366b71736d6b345235456e7a5353556c474d594e4a4e79586c77566174616e4f56434e506b615454356e4743696c5a7438326953653762657253767172503048787438644e51304a6b312b35384f5864383045304a7535354a3274374f4f4f4c4564724b5a59376655496e4538305174575335756247575753356a53424a34704c6957324b386b765048456d6e573178625351323978424f6b705a585263584b42585659795a6b59624a426c5752787479514856735942587a754c796c5661696e69636257704b546c4b6a4746474d6c374f556f362b37516b6f74792b79326e64637a53636d31765178796345716557553637696f786e556c566d727463746b6e4b58764a4c57363032335375667a2f3841375358676a3465365838523955312f7856702f6947336b3852516169326b36706f3976634e507164326d6b6146592b4872705948433276396c3271497341433343447a457649336a6b61425a483843736b384e2b467647477065446648742f713044364c64583636726332306a61664e65515730526b6968734a37326152596a664b69573976714273377530687762754e4c754552777a2f41476e2b32766248774c4b3831355a587574322b675864355a2b486f5a593452434c363666374c66793355466a64794c5a783666703757303975737875726e375463337a7a474764767446762b64666a487864716e69694b30314c5766445674615358646d326c57647a6633734d5678747432524c74496242452f744a46784e6132566c4956444d717a6b7463544a4e4c622f71766876694d586e76436d53313531712b4a7756584c486766622f576f526e4374686e5357447159436e5563616b464442747645303753537238744f6d6c484453692f5238546372773251385635335276484334705a68444d50716e7363517163734e69584f5749654c715565656c463163596b714d2f6462707863366a6b362f50483661384a2f43622f685a326c654b64622b47646c72397870476a366b62533131612b737247365032526270497a4a714f6e365776384161356b634e4a4865334564694e4f7359436236357646746a4d696564516548376d35734e55754c5855644e76596f566775317672625556614c79376136754c566e6a7330547a535131784a4c5075534e3764456a6d326d316d457965702f73772f476e786a384c2f41425659614e3451736442754631487735637139687144616c7163476b616271456a5739375a46726d31744c5a6279535a706b75504a686d6b5753425463584d6152796c3837346665482f73326d365a2f61656d61447048692b3938614a3471307a533964307a7842345573377652594c33547448617a384e577668585562505274646e625662697a6c6c303357625353534733564c714b364e736d705156315538526e57437a584f36475a7a776c504c61437936706b4d6f5356624d4d5251713063563966574e6f705868556f2f5536565a5974564668375969625642526f7871567648715a466863666c3255342f4b335871346a4572475563346c4a5646673850586f566346444478773153626b706532654c634b5748643638705565586d63705356507a39596f4575625a6d765a623253574347314d5544323062777673773045614f71504b376879556a6a6c6b523934544c4571746464712f6844583762773850474d66682f557a34624e736a53617861534a4c45596d6a433731565775504c7437677942496a4e4168592b5962695a49666b6a36587858612b4a66686438516452303550446d6a334e72712f697a56375853345967746e652f325a42643338333248533376357253366d5a7a48624e427173456b39714e507434726d33453838654a5052504647693670344368735046756a66455748556641556d682f32744434427566446c78346f7362432f4e7671453970704e395a3674633665392f4861744e70306339314b4c7a543549704e63754a4c6753325565673356596e4559684c4c5a59576558754f50705172305a346d74506c7830476f7570686f764430584c44597475555934657056684b684a77714e2b3954355a635745345a6f31466d5378697a5364584c5a3161474a6867634c64594b765a79772b49784d7173355172345678684a34694e427872775470636b5837546d586d487770304834642b494673395938562b44766a463477302b36765370737643456e686251374738386832743765474734766f64597566334c473644736c6f786b655277747846497064767372536645756a61487274685a65426667377237776133465a746f6e68335874653850584f705252574d694761574b396c306e576a70553033327141336339374d59456134747070493547676c4b664d79663268723974346a31323138583636504647716659594e4168304f7738502b442f4141374a6f7a537442465070756a2b48374b33744e4276466a4c4b386a53366f686b654f37764a3738522b57334d2f44686f76444f71334f726142385666452f685878636e68356d686b3855585668726b53654b704c324b643779564a394e69534f7875724f326e743274354c57356352616730637233447067664835316b74504f616d4e78574a7a43636e51707a77304d752b75635156634453713149526e4231495946595a7877394b7171634a5936686766627a68437052536f577448362f4b636f78475534664255384e686357735269714d63537362562f734f447443546a556a53574c645a7a7256495371536a684b6d4c74543536645275747170665933696a784a3468385958316e465966426d362b483979546378427645586a765539553079377572695954736451766271337362367a54637a32396e702b6961746f5541446d3356485264715a48686132312b5055722f5439562b486c6a7247767843535333302f7772346738636546626d4b53475a49316d30712f2f74443467507245786d5a574544324a4a4b764b724d424a49337931385066425775533232722b4c504747746170346f7674553851366e6f396b3168714a51517a325958556e756243785751534a61527a33676143654f4e394e6a3557306c4d775a5539383842654950686664654c4c62574c6158784c5966454c772f6436624270757132576f6131426661666657536732372f4147714d78323679735a7259334d62627a4f3073506e4a4975357066427a7241504b734c58792b6a43706d56444259614b633848547a6647716e57764671565847347250586d62776e4f3352715670315061553477616a476166733339446b76446b4f4961654578754a725377474b787549714f6e547839664c384735776a486c5549594f686b36774372704b4e6146476e483264525439365566346a2b3066677834792b4e4f6a61727158696a345366737658666862773534626a47687362765550464f7632576861337165706178724e7a3470754e5776686f33697553573475645665574239526b5852495a4c612b454676627932304c5750707669503972483467654f644774744131377864344c744c6d5743545364533165547831346b734c32326532574e4a7037482b77396653614736314b5054374f612f697355454d397841677848484b53664d6446732f774270375566443765454e452b4c2f414977384d65424c693775375358777834633856532b4474485558472b5055764a3048772f70316859775433624a6351335559737544484b3036456b42764e644d2f344a37324677624f39313356626130654b366c76707238654f7271336e7649726d4f4e6e734c6d367539487635486431696b53474f4f776a38397269632b61734d6b44782f4e5966777179764e4d544c50737a70634f5045542b71316370784743655a592f4d315170304a546a504d4d6278426d7447744f7455724e565a5268556e546c5571703468562f5a2b317159564f4938526b3157726c455a5a3036644e3161474d7059697252776d47356f3161634a55734c5179624c61394e52644e54546c7933564e53554a553553396e483632384b664862784e46704d5068755034732b434673595864726166384173532b38617444646e5a45714e716669724f72785474356b62764e2f6246774a586c6b61355a777a6f6649504657706550664845742b6b58784f306278486143376136767357386d6a705a336338636c7979765a57793345566d386a52744536524f75626859524c6c556959626d6b2f734f2b444c6177744c627733385766432b6c583077387064553175363154786434646a656551474c626236465a36664c4c42436b36736b6a367062326d43504b63715934302b6f64472f344a322b4850456e67794851377639727677486f486a3358746130706f2f4533686e536642326a6d5853374e707033305855664457756645563961314353346741755575494e537372646b6a6a6a45557269574f54334f487644355a646a38566973732f31646a586e58556f79784f457953574a6a556a5569735469323849716d4a556c436256343470543974474d4a526a42796b75584f2b4a387071344f685178644c696232617053556f5965746e50734a4b564f31436843574c6f3071456e4b55567a53644333736d35526d354b4d482b636c39345a385543776e3165793853614665514e4e4862794e5a6173386b7279756863517957303056764b4a67794d58696d79796c524970624761393550776938473648384e74443866615638582f414174726e696d6472654c784634506b41734e55304f35314153694b35534f53535334754c574f5a425a54586952545179764c356f6b747438634d765966743266433334482f73672b47394b736642563171506a723467654d353045646e3976314878445958656d493932756f2b4b645254526f6d304b77653531524c574f32306d303143475a507438336c67573972495a506e33396a62787a34486a7676484f712f744c2f42507868712f673950437474713367714c774c344e3149612f714f724855596f6c7470556e315377303172473473486e754a7747625547754c5731676a6b693836517239506e4f5235383665427231754b73486b564b6c6d6b5a796f776f355648445a356770556c53713566586e6a4b56537254703075643149317348556f56585868446e55366264492b61797a48354e556e57574534657a504e62344b53627156635a5045355a695061587034756c47693663484b5455567959694e534849356253744d2f5358396d5834362f4448776434646e767645317a62322b7636667063316c6f2b6a576b5976496258596236432b3151335639645779714e533075614b7a41622f4145774b6b54785047674562646c34302f626d2b464c365a706b437a654676446575795459767074666d7549317472617975544661783239764463574175527245557a69535133736874626c424f556c6969426e2f4e623472335878592b49393965325077522f5a7730547756384539593158516459305153334769614438524c4b3267307534686b3072784e725774654a726e565a596458754a5a395866535555327476635257634b33535236644b306e793934302b46766a5777756d764e62384d74595261624131337156724a652b474c3249694e4c70436e6c323934345551794936545232344953355267387864704376782b4734453459796e455933507166473953686a4d646936324d772b43796e4d73737857486f3475766836564e55366544354a30635279536843753664616e565472637a6e576e5371314b632f6f364f5034677a534e504b4b5843334c54685270307352694d7a77654e6f53564b4d336645547275464a305864744b564753756e37744e754d5a522f6f49317a343065457448314f3930613951546174715768364c712f6771303058574e4f767258566637536867754a5a4c335672314c43336930744947757062532f73306e6b646f457435725a433830734866327433346b6b2b43336948346e36566f76686e563750773766323269654a5a4d654a725058644431752b6a4e3570326832756e36765a3652702b7358313959527a366a42716568336d74364f4c433176444e66515863486c4a2f4c6a612f467a58624f333044543176624b396730577a75496644777554444a66364c5a7a336c394c4e425a7a32306b55717766616d755857456d52595a484a684b666147456e374b2f444839753734692f4666396d7655666735385550326d704e4838445257326d58486979782b4c4f6f2f4662564e6230627758704e6863366250346438452f45485366436d746142704e6e346f532f384e77326d6836686679336a53615846707a774c7057705859767662773144482f564d4e683834784538546a616548703076726d456f56734a444659794661616c6a366c434f4a6a374b6e58704b45316c797031364e43733530506231715561565135735a6b6e736f4c45344f47485550624e3171553565336c526f657870714f487057705656556e43707a663757366c4b705570386b2f5a78717555593866385a644d30333435334f6833552f784d3841654439632f34522f784e3469736248556647656a57735676706d6a615a714e395070742f5979785856344e537530303534644e303833427638415548506d6f35686b754c7066797038486133652b413963307654395573725456744d31572b754c65445774506b69767247625464546868733437526d683354433474376131757253336875565a7042623230634964664f78776e78512b4a4e784a647672336733537645476e2b467a6333746c706f315856494e61317131744c7561352b7872717574572b6c3656446358617746595a58744e4f744943346c456365534648482b4550486b62326a3654724e69724e456b647a70647756574b354d38636b64777345567a4b486e6a6d57534b5756702f4f746e6b6552554a646c687a39517346696157476358476c567775476b36465432556b716c53644f546938513555357632645279617156497431595763746b6c4a632b477865487756434b645761784e65454b30585755765a306c55676d7144356f705649506d6359536a474e6d6b316f354a2f525576696a5464627674593062564c6e564c3650772f346a75724b47337462656548564e59686b4554475437556261574d58454d516a386e7a5a6c4b4a4c65544e6132305a6c7659767472346566457677376f33683679307872364c544c48516f6b746c747274706c695235413757396d5a626c3564313073536f6b41613461476563734a4c7435554d6c7838412b4650694a42622b453771373850574d4d796e5564513144784e714e3255627a2f7744543462457952764a424a6553473965644c657a75356e697470723043335334694563686539622b444c6e34712b476f6271572b3175426e754c7237445a5852746d304e375332696c63334c473175354a704c784c32306b7474387152324e73393735385367496b68344d646d3142306175487a4e5663736f5966465277736354656c58644f6270714e366d486a54636f536c486d714b4d334a71467054646e794c6a725a58435561574b7731536c6a366c656c4f7450437863314b4435727874586e4e52615363597963593679636f78392b7a50306d304c786634623858615a5072477257477058566b4c3653424c44772f6657462f65793238304e6e4a5953336d38726236593868764e6c33756b6b6a675a5567665938305475562b4d766950786e347130657876504446683467754c2f5372657774374b455379335a7332577a55596b566c6e73567470494c6b34456479724333415a45696457654e43754f683465385531766131663841584b634b4e57744f706849527059326b6f59577079797051634b474f7771556f4f55317a546a4f556f7150764b4d6557506a564f4b636e77556f3465655355485670786a47767a7777315a2b3269314764707a7054756d6c48524f334e665258312b3166694a343538562f466d7930667770632b467643747a6f576b365a6458756c51326b6a617662785839764c48714c524347652b54554c6d317637694f4c375264537a58627650484e4c632b6262334536532f506b48682f3464366e4666654866486e677a775a6f766969336255424b46307179757258536b75644d6a75375334677672742f506953613666664b7a586b7476396e3251515278474c433646743436385061484c615261686451364a70326b616671566a653256714976746b6c784177746b654951544c4b747241316f546374414a474e7a4b796c67586c5750702f46476866416d667854592b4a707455307a78576e693644547266534937597471563348616d5335762f4931682f4545563744625352744848424a4a4670336b545066473469654f4e4c6852384e6b754665526579793268527a544a73476f34724d4d73725a5268735a4f55637a686950615670564a7a784e5443537159696a556e6971735a336a4f4e4e79397046537271702f5632635975686d744b574c7230736d7a3345566f34664c6377772b617a7763462f5a30364d765a71504a68566934526f31314444303552616c476452757a6b71546a783170384f766862384a682f77414c4e3072573951314d5773795133493075382b30366246627a7932384c6161594a4c71566c74626d4f346e696b6773336b676b6767696c74664a386c704868384d7866417257745a535452645331335650374a3168377161505574534d7932306438625334575753376d5a58694e716b533274765a724d692b534a684b7a797851764c39522f436554396e335274637433314856394c5738734c714c374c34546c6b306a2b7a707239356673363232715748396e5865695853524765343838665a66374c61547970436c756a716c666f4234512b49576e65492f4132735848776b384f3648344e7443777437755877785a6545644567737453654d32397157315331737262576469367441734d4d6b444c42454a4c6c49346f306a566f664a7a6e6a484e4d5057356357754963565878465347446c6e75595a6c537948425177315361564768694b634d73786b36386f30366c6557467159567870565a3170556e56707a703830396376794c4159616c547035626c33446c504c384f6f3471706b2b487738387772764636757055773957654b69716650556a52565346616e4f5356465032636c4e4b48354a65485032496643666a2f7741576150347338442b4e744f6731516139633331727032742b4e544e646a553755726461616b316e6432336e726f31342f6e6165627474526d387143796637535567387354653978654874593076786c717667573530535331747449733956743958313631674d326b774e615143385733463664746f7374342f6b32746b39304667634c4a4c4938624f3166594d746e347a7472505639556d385432656f72595732704c6658577561397076694b47316543316d686a745937547844396d2b7a433457627a3430463364745958733978634735514e64777a654f617a3843664876696c4a7072767854346e38502b484c79337337325856644b6738506d305670506e6c735a4e50733437485559327374516b6c69754270787549594c73772b596c7839753133554e4563637a6e78486961554d3734796f563842684d453850675a546a4c45346a44596970576a4f56536c697155615538544f6e51616c527773384e4a315a4b4e546c554c7033522f77434d55705971746b5041394c4434724d4d59712b4f6f304a3036464372474e4b634643745272553530364e4f627447645746534e6f7478626c50336c387365495042586872514c617875504566687057762f414c624c70753354727950467070736a796c59724a3761566a4a634d4a494c714f4634354674595a4a564353726e486a506948784c38436447315478463470307634663668715069744e486a3075774e7a62612f6654545839746377693265464c71473567755867745966494d795450476a706243336865474974443957366c3844374f78686c66555047556d69614d38536d545750466d76365a6547534743347334394e76644774573832346c754c2b575635726d4f34736c3079537a30752f6e683163727164745a5253572f784b66346236544b6c68347730573076744d6b754a4e4e3148777859654b4831322b466a4b766c3230476e57756a584d6c7662753855363668706c317131386c797136656c39465a7970504c583232467756434e4f4b774f625a6c6e74644f644374516f5a706d4f5559537443725568566c5472776f59624d6e4b6b3577354a3055366c614d62314865376d7667383234677a57765671547235426b4f52557565466243563862674b4761346e443159552f5a786c68716b366d5878703146546d354b744a65786e3843626c6142385465472f4766787538587a513666344a2b444869367a3042687474395167384736705a326a785738516b754a4c65356e74625733655a317559696b6d444b6b636b543234555035636e7064703849663279666946667857486850396e7a55576378366e715432746e7074686f757058577051775361654e553143434b3775722b2b4e6f733976495a5934626d507a687444506442496a61385866485839717a7856714a314c77566f48694457744b314f3369744c61652b58554e49764774566e386979697652647a614f5950736b384f7158454e39662f414771444537524f73526b6c6158752f424878492f77434369535857724a34587474462b48327558576e766177366c7262615a3468745a4c4b495352543248324c78434e597455613853645a7a4a44593350327932424e717373554e7a4a483035706c2f45474468504535546c33686a67367a77396f3038377a664e6351714e6154536d385a557054772b4e6e37506e62724f4f426a506d686545496530626a3475477a71474d773873506a4d78343578654b6a586e4f4573717950435573505570714d4a5556684a7a6f316349716375575873347646506e6a4b4d5a4f366a45332f4476374d663758566b326a6142346e38572b417642577233756c785048622b4f2f473935595764684873743939354a3969303259577a4e48504f53692b624c4762646263525479686966314138476642752f77424a384761716e78342f61742b42476a775357576954514434656c50466c724b74744a4a62773263545843615471384e2f624e7061795846722f4147594a4e5257336b6d6157534f43616466797a3048512f3278394d314d2b4c2f692f2b305a344755586c392f624e78707478345a746232777647532b4c53573978444a702f686d4b30746c6b57367a5a4a42484b584b787173647864487a507133562f3271644130574c562f456e696162776a72304436625a7a4c7166384177682b695769475634374672654731682f732b42784e62334d5a69696d6545334d397261337363554e795775556b2f4a4f4b6374347a7a4448355852777561384e34717047707a56362f42755230704f466157497776384173754778576635645870516a4a4a7868506b785875304a5032557172546f2f635a505870764c385257644c507375707870523972513470785747684b63495535532b734b6e674d58566e475331356e4e555a4b4652333055622b7733756a2f426e56376977307a54766a4e5a61373456764c7862505672655834572b4a4e4557796a75722b7a755a623237734a395174625239507448533475445047627130685437564435313344436d366e716e7773315347316e38516547764858684c7842704d4f7051786149326f33467034546b64627936754e506e454e704a64617179576957556b6177532b624a475a725157396c455a6253336144354f3858667438654750374c6d6b305331316d645a4c65797637655a744c306e775a5a33643761474854694471656c3656704674666d464873576d64567674336b57686d74486d694d6f2b594a6632767645386c37646f5937445474526c65645a456147317549424662795863385672635453797954547663544d77764669754645766b704530612b554648316557634b6364566e68735a4b766d75476c516e55565444356c5579374552727171314f764b447775546350314b6453536c476c4b72476a476d3452676f556e4a516c4477616d66384f34615658435971766c4f4a64576a53664e686156522b395462396b7054646246702b7a61636f786c4c6e54632b665355372f70736c706252326d7a55722f77414e4f6b57707249397a635433463545383068754e53466a4b6b454b527531706550396e696c68573569386c5574623257364353336b6e6d3378462b4b4f70364859324d33686a78746f776c6e76497237573564586d3150584949466a696b6956644d7470644e757443573468744774356b754e53746271424a517076626470586556767a4938616674422b4f4e625132657157463563572b6f3744703033683657566c755a4a427a4c397464664a656543434b4f326c745a595a504c6d6a653256413031796938526f487879732f445573756e365a66324c7772627244703970346873725856626165366c6e5032696565396c325332545274614d6b6154784c5a7752794579544f6b597552392f6865464d3378555931637977734d78703339374274554a7871516434795571376a586735632f4c4b554a59654e4e7544764a4b6c7a503575766e755355584e594c47564d76724f556d73584746574d4b63344f504b3151557164527161356c4363616b70786a55733476327269666f35596674592b5059676b6d7361726f5776655773456157756965484c69327462794b77535743434b3575344a4c524969384d64314c4b756e322b6c517263586a7a7173736269305434732b5050787238652f45667844445a6e584c6677625a497478622f414e6b61564c63436555466d38686e6b6b6b575272676834417a62705463787843636b4f3541386a314c397071366b5357453644596154635861706233576d36645a73494c717a4d396a65526b58554d3045613373377747364e717875456c6838686f666e6b3831717350786a2b456c2f6f79654c2f455068324b3038586662437469644b61616143655a486637545a3365314a54614d367951334b584a746f3459306a6e574933636364736c6651355677526b5753315959326877564c4434717058354b6336446f59794e4755366170776b7348546e547730594f4d597156616e68366e733455314c32696772512b657a6a692f4e4d7a6f79772f2b747444465964596465335549564d444f644f453465306a4c46756b38524f63484e4e555a566f796e4b664c4b6d6d2f65354b4c514e573848787836707130577061685a6d366a755a37324f454c596935784a734d6c314f2b37657a2f76764c614e56645777374b7649664e3438384f707177767250784d31764c624c637639696d6a5738302b346c6b6c526f346e57366c676946764c424b31744d44356b416a56354c6b5853434b4754305054663268744e75644376724730384d6e543753472f5a2f73466e74766b6e73376d4b5357575550396e59573561567039367954466e552b524574736b516a50794834737650425672724e336357476b764e48655369354e764c633230316c61504c49566e696a435152334b524a4f6d496b4d72756b59416c6b6c66356c2b75703566444d73564e5976415972435649555a5266733168353073527a38716c486c6650434d6e437a56744c614b6f705235592f46547a47746c6d46683958783248784d4a31314a3036307356547259666b753454684e32645344714a3674713933376a672b592b6850433378635455583150544c3366655377336473746a66576d6e32763968694c374e4b747962794e34375752575353474a30757078624f593562695562343445715478505046705869534b532f6e30794c54336d6b466e42597648653363454534456b4361705061677262796d65654c79326e68613752486e574a6b7431575354356c314b613665772b3236494a724f3068675743366d5137495a4e7151785174634479346f376c2f7742314848357855737978717763792b63386e4b54367a346a4b7851655a4e4d504e647a3557315565575937692f6c4a47454b4c35693744744b784b56456531555652307734546f7a725372594f55634c5371776c537234655633556a4b55594a31497954396e536e37726c5a776c7055626a794e752f4269654935314b454b4f50707972564b6135365749707179354a533069306d3556497862736e703850764e6e312f3841446e5864416b44364c6179616e466244553167655133516c44334c334352693374424b624932316f3657426e6c6c755a706f7a4f773365564848444376317366695662617465584d45427458302f546444315854644f745a5a4e5058567a707364727156672b7133467246396d744c6d64624e374b58543269733747434b36547a4e4b745a72714b41512f6b48633633726d6e5272624a48645737744e756d6a43474a70446d5277755934347032664d3072737539346e79736f4c4d564b2b7a6541376e3472654a3462335439456b314759577476414a68504d3654525731743839756744777530385253527a5a77784c4e4c6e65676955533566794d2f3442703436663132654d6f4b4d484f555a59796f6d7154712b7a6a55717571377475615354696b6b347051692f65584b3875346968425377744b4f495656714c537030707454354665464a4a51664c7953555932543164323148632b716646476c574631594a50703055736b763257364e78464e62784e734d737a7969536132735a452f66796f56456b6b37536e7a566856513652375a43764c7266776c38624c6532756e31377776645773736f75773979776533755a356251757a546f536937354a6f78484967614752706f6f764f4b6f6b457a71557346517159576d364654504d76714f6e4a714d6f34796d6c79387961535559744e5275344a757a6c61386b704e6e4e694d4255784d31576c686e467a536156576a55557465567652303362563336656c7458662b49746e50346e67306577384e65494a625932326958637232373367573676727135315a576c63537a54706a796f674738786c2f654672745435627a59486c2f6954344b2f457254727653492f774333524a707356685933303978653672486158614b397248665470445a5153334e777632574a6b5235446d4a586e746748503269457966565069583969547776345a6143346d2b4a7776376e554a764a30797a7566456d6d4a4c6632317873743757575274473137554c3945566b5361354d4e6c4b333246626d65356a3079337450744d76746b6677484c66456d7731435851312b4a4f69324f74614d66443172712b702b4f726d386a384f57683154574a64523048546b7652624f6e687a5366436c337063384274577434703769473773437775726137742f48776e466d545a566763485779764e73506d6d5875686d4749616e6c39436a576e4e564b43626869635a69634e54667370313575546b3379526a56626a4c3261684839487a544a4d7a7a584534324f595a4e6a4d7378384b7542684634664f36746244716a483269555a3462433466455367366977384661455735325876775570536e38437a2b43624434653637706d7261313435673859514c65573271616e447063727833656b6c58637259335546337631447a3437676d4f5a597241516d653375546353494c4f5335673961317678373448306653644468384f5266456e5862377841644765545234376e555a5044397349733351314b32743951746a69347350733843527a57545734686c61396449496738786d2f5872777a2f7741452f774434592f456a537276784870666766525043656f5268343950307850697261522f5a4e52683175396d385132384b5848682f55376257744e736f5972713573446558743150716c7a63775773566f5139766458656a632f73372b4666384168434e487439572b47326d57336a4c777a6f576a2b4c644138612b425069543430302b612f7744442b76337a4a706c33633348686d31744a744f3131623351723354625477376461596c6e6f707670587572754b346b686e4835686966484c676a4834724430486873357a504e4d767856504b3830774b78475259463453706949546c686352576f59664d4a596576536f346c30385055715a62577256366334536c476e56685271564a66593448772f3473775650475966427979764c36466632574e777453636377783835796a3750367a536f347245302f61633036554b7334304d56546c43536b347555584f4d492f6c5070666a32393139644c75462b474d66692b2f623764436d6c5874397174316257386b53524e44624c4e7131312f5a59757269536132754a486b57355533414e6d747463336257555366574877712b4f6c395957657465482f456668547858345a6535613330617773344c686452537931796530683147473774394d676b653865613574596f3753357444704c57707432734441456d6a6c6a6d2b7764482b4332726549376e527272786e6f636e6772787442346a38533366677a785872587845306278452f6a4c51594a72757a7474473162543954734e5367313355727437752f65527453387153335732754a704c2b62533578452b3734682b425078474e305966506a31692f3173367362474452644c384f365a70303369597948574e50734c7166583562473973486a69735a4937714f4b30316e5434724f656256644d6c6c744266616263635338514f447364566f356469384c6c4f476f3034314b6b7131625061324a57487151784d717335345445594c4434374c3632436a436e4b505069716d42784d665a313657496f77564b54663030736e346f77737059756c6a4d565671566c54703161564c4c7143397254686834307562455536763158465573524b724b62616a55725572716e4b6e7050543468692b4e32693630316c345375506876347231475339757236357650467573654872577a304f346a67766f32753769774773366b2b705873696957494c5a5132396d374b3072576c6a464731327165716157483158533276644c3868474e6e5958656a32312f6261664c44624c66546161495a49726d313145366131767148396e58595136585063524c66794e444d3045312f70396b5058357632572f474e317174384e626c3845614359724a70645569315058496451613875525a57397250613244615a655731396f666e3244582b6b7164526875356e733769786a2b7a5831395a33453135634877413844654439436258664558787438506933746250374e6636446f6d6f69346d335253504c5047326e32467a484e71697961694731533068445233443274363970724e7a4e7153736d6d3931626933773577584a4c415a705271596a4654707956484251787564304b74624553632b576d73485178464e4b7070536a474470557252733154637055337a7241635934784b6e6a6343353071555a71474a6e374c415649554b4d49303471626e55673347437656645371353147354f4c6c4e516849383774504639726f725874336378775132704558396f33566a596f38734d3074365a5946736d756e644e543066554c6157356776355935504f7330754e50613068434e71757072354c385a766a543856376b53772f4358346536356657317871747070756736374a70326f7662586b636876374f3376624c544c4378754c716462416d435a4c6f57736c795a64586a744544547241736e737668765350677659654a744b735a72375737322b575a624d36333478756254777a6f4671326f33476f745a53576d6a576478725069323969306d3257647456316e55394630714463526154587433427156314642366e34683133564c54776a70553047742b44594a4e4f746c6d38515165442f48725774304876644b7358734c76534c5338676a3851515457386d6e32635637623268754e5465346b45714b644c6974374a50497850462b5359584e384b38487734383271564a556c37584e6e587972424f4e614d71644756504474537256616b705549304653784d4b4e70314b555a5557363374696157417a484d7342566f50694635556f743836774561574d78554647717564564b38306f556b35796e4f4d714b714e796a4f5471754d564750355766455434562f466e55396273622f414f4d392f77434b644175583043437a6a506866564472656c57586a464c704c47472b6d30364d336d6f506133646f62366462433378633231364873354c665435696450672b652f6978384a76486677696a384e654a74503864612f342b746456692f746e544c72784e345168385072486557313564326c7446615738766972784c504a63784733766674466e634a6262455349724464545359732f33633144346e324e6c3456743766564c362f3841476d6d2b4864502b482b6f3662714f7158576d58506947396b764e5530616138696d6e767674646c426533326d334674637777334631614262754b397562695a34767338313151386433767755476c3653622f34642b474e576b6d444730752f4556744e714e6844633658653361545232746a615846716b557144664f626a7944646d43474b306d6c57434b4661396a4c6646584f4d742b71724d654435564d4c547131384a5577575552774c776d4970504438394f644659366e53787542355657684f705439744e7a396c57684b6e4f66377738334f2f4437425a6773544c4c6338786b636534596645554d5a6d48317572567056465570776e395957467845634a696c4e30616b4b626c685979707971516c4278676f7866346e576669377831343938525749386536567246357047693674346a69384e61546336626650704f6c61665a3668595739792b68334e367331745a576c7259326c6a4c716a6c48744a3472644c71396a57477a6a6a62623854364e6f6a322f695339762f68393479477161615a37697a314333756e7535645574477572656655746473747a54527857656c3230747a4b3874773131454a7a46623353574d545773452f77445144384f462b4846764c70506953773846654535706451302b365735466a5978615a61727173756d57747465534b3064374f6a77616e62336c744c4c484c44647a334a746f645474725a35554d6c763733385142647670396c6665474e4f302f544e573850322b6951587568725a61545a574f75574e386c39615831786366594c42574e30326e61676b743344476b4333747066665a3772374e626f73316838356d5830684b65427a5842344b68775055774e4736685439707845737677304b6e744975564b644c44594c45637348576e476c567156366673334b724f724e3034326e48727766677a6d4f4977574a72596e5076727464707a6e56715a54547231716e37745268566a556e585653546f707170536a476348465168546a64585576355a74512b476e786c38566546374458764447696174346f304b785332304777384b4e59336472713175746730746e4865334e727038646d7979323835314746345a306746354850703249376c5a6c6e62694e4e2b445869435565527166684c5744446132387478433939702b6f47352f746137674273375333677462587a6269336843714a4c714a737843574b36456342654f462f3667764766673432656d33577079333968706b625836614e63715658574873572f73317237772f62665a313036376c73376152624b473031316c753157327570354c353767577978534e35745966733565445a375854345046476b692f6c7649726d57585562654b30655455595970744f74377557436434376d333247614243726856653768756a59534c4a3572374f7642665353693850566c5779724134504475733434654f4372596d74696d6e7a53714b55705966435965764b464f3033567074796d716b6130364d564f45525666416a477570516c484d4b7461394653712f5736644832457052564e766c554a317030497a3074536b33474367345271585570532f6d31314434483678446557556c785a586b563772476e76702b6d36566133456355396c71566b2b387464615a4e636f38647530746e647263784e63573135614b3332794f476153466f4b504233374f7678702f742b32744c587762497347705839755a68714d74784a6232397263584c51534c4f384d45326e3355557268354331343032357266796f58646c5757542b706678482b7942385066424e686f7570572f68642f45576f324e786333434347387434484e7a64777a366648445a795151615939764670326b5774786378576b6b7a467236654f6136545646764962744d72784c5a2b4d724c776634577566422f674f346a3157336e31434f34306538307a536f726d637a5253507046785933397a456c354a62786f377a54523762657a6c6e74356d314a726d3457657855702f5365686d464f6c68386b79334359324e6170576f56635a6d324c686c2b47705468375832587734697455396e4b454b56357a564f4c6c4f387077556d337950774278454b7278754a7a6434536d6e477054705a66683369363831614c7138366c476e465376476f6c4651715753696c467a6972666744705837455078726c7464562b79576c743464693164557657585547654b433174466d6c6a6a736265336c6562796d6534677a3572524c4737336c754556456d6d496f57503742683850362f46632f4533784c4e665739375a6d376d74394c2b7a327369535a45383279366c646f727950793437677a694732523764684359355a476d696c583948766968725078343865654d644f66544c54565a745474374c526d315851744d735a395455775436613754366d31767073555673532b7177537761765a77525153515862754c744c614735744c714c35433158775038632f476572536137346c3851334d3272365062587a3662344b68736432755257326e7663797a5764765a5864326271346c65514f6e3230326c773064776a514979772b6463563956672b4f2b4e6330705371596a6944685849714e66437565492b6f4b646247307056597968686f307354563974654c644e79654a66734b55597054637279644f58492f447268624c713849564d7234677a3276527252354b6549564b6a673271636c4b7456715571616f756355334b4d614c6a4f704a766c6a54626a7a7236582b486e374d506861392b475637592b4776426b4f72364d774b32306b686775722b346b4d71525169565a70705a37715837594449707472655249347a4f3843526d5133492b4b7645333750316e345538526161336950774e6357656d4f504d764c3355744b313861565a4a4663706232305447322b515153474662614a484554334478334d726c473878462b6f76676838555976446d6b617a59366a72643759616a6f306a7461324f6f616c4a704774714e50575a784e5061425876686161637345727957434b5a6b4d71424a47654b38676831722f342f572f6a4f505562767831347a73622f41456677327978654a4e4a31574c584e4a38583642444c715633506258463170576f79516d3674745157346c7437545756314e79776b763769654f3374496c655034584b38353851636a7a7250464b654f7a58417a78536c55784e4f706a3169616a7855655368557032574b703161307053696f2b3056476e5772716c536843664f6f50376e4f636a34477a764b38706a4768674d4269495559303647476e48433071564836767979715535776c4b6861697253645355464f564f6b70314a5353546d664f47732f444877337157722f41477050446e684b61385731574755576a525277577473736431654a644e44645a4a45456a774262653375446450484a354f79327355456164426566732b366e443465767645766848784c507155345655693039394a686b7454647a5278325a745a7232424c7349596f777337584a696c6a65487a5a5761434e514b5834715747692b47722b66784a384f726139745a646630623756447275714855746368315851353757356b754e5830577865376a73585778682b796e375249756f547a33345a44634c6372636936623847766a6a63654158316578306a785870586962547062636a784e6f47734a4f5a49625333692b3374643656633364686d3531537a6875462b3357656256305752566c686a526e535836616561635a764b73506d6551343274566e5256435538757a43684f4c78564e56496657735069616b6f343744344a4c6d634b4d2f61555a314b6a644b7171465657587930386a3450654e784f417a544c36464b63334e517857477846506c70533545714e65676f7a77745846747063306f4b46564b46716c4e3149506d66484a34422b4e46766f39775a395a7670726e54374971756e3238567a3572586c374d356b6e747268424a4a656f73586d3245676968754875577478616b726c3242583678664443392b47487845384c366e343038482b42745174566e7330316137384f57656c36464e66336853316b676c754c6654645174626d2f76624a70627a376464615a7036616c716c78453139634e617a71396a4e6446666e4d76476e50734e6a4d64686133434e43574a772b49554d5452723059554b324672754548556f5470304a3159506c6d35536a4e5661764f704a6337616b6f39566267444a6558443875613134553352684b6c4f6e5671316164616b37657a71786c4b687065476a55624a6372646c65353875336668335474537474622b494e77726a78412f784468676d38704c614b776c50694778736258564c6b575174396c72637a7932613667736c693171493952754c75645543584478563644344c7530385666476e78556c7a5932476d576d68664454787072466e702b6a32357464506b3174394131665137665772753075487534726e55724747435339745a6e486c74714e356458463346644959495943697579724f63714e56536e4b5370634b385177704b556d31546854775752657a685454646f52702b3071636b5932554f65664b6c7a4f2f586d66754e7548757565665a65354f50757554654a7a42747974613762316264323371395436432b4a6d745863576a2b47584734792b444c76525530392f747571524a666a785a663375736175645974594e51687372336671476e3230384b4a625738635a456f5a4a50506d4c2b6365424e64315739304a722b65372f66614234643059366349594c613369523944734a39517335705567686a3836346538437a585679354e784f5551475656524170525878655255614d736c784c6c537079634d644a7763716357344f706e5665565278756e793838716c535537573570564a7556334b562f7136745772444d73496f564b6b564f464654555a796a7a723674526a61566d755a637356477a75724a4c5a49386d38642f7448664537532f69663456696976374357333848587278365061795773304675563853366e3462384f616762354c4337737a646c62627842716c376247526835656f79777a4f4a626530744c57483771746a655461313432316d2b3154564e536e307657664539376257313564734c41337936445a5151336b6c7461726167584672446d4b30654a6f6c7434354a6b6a554c504d4a43697465494d76774746797a4a35345841345044546c777a6a464b64444455614d704b706d4e537055546c54684674564b6c5370556d6d2f656e556e4b5635546b33336350314b6c584e4d776a566e4f72474f4e70387171536c4e52745453584b704e705755494a57745a52696c384b747766374c4e6870583752746e34783150346a3654597a796545357645715773476d2f615574395147693363757061636238367063367463776d42623254546d5852726e53456e3035493472684a5a2f4e755a6362397050776c34652b464769324a384561644870466d3057747a7270555573363662446361665977584d46784246444c444e464c756d6c6a59724f4645636a474a59357353676f72357976693858533853614f57553854694b65572f563850503841732b46617044413836777549744c367047536f63793653396e64644765766761564b66433838564f6e546e696e4f7446346d55497978446936314b3866624e4f705a3256317a57646c665a4835732b492f68783461386536354463612b6c385875394a57366b476e33736d6d346e31474862644f4a4c51527a79655a4b68755374784c4d686d6b66657277694f4750443846527034663158544c625467356a2f414c573133515a52655454333658476b3649583066544c4f357437755761316d69744e506969743477317677695936504b4a4369763665773249727979794e435661724b684444554f536a4b704e306f383143764f584c54636e434e35526a4a326972796a4676564a6e3454476852686e654b72516f306f315a3471303673616349314a4b4f4b7738497155306c4b53554a53697274326a4b55566f326a3261665864546678314c7037546f62436130674e315a72424248625830576d364d77744c613969696a526271434d523234595442704a457462614b53526f59684765792b4833677254506968345a306934385333657052746236786551774a705574727038554958554e6444535178725a7972424c4d4c79645a6e683873794a35614562496f31556f727a732b626f3551367446756a552b725a552f61556e374f64334c4777623534576c6477536733652f4b6c485a5750714b5535757469553579615662484a4a79625358744d4a4b7956374a637a63724c546d6265375a367a3433757050684e344474725077734933754e4938563668615161707171433776353446674d685337534c374c7073706553547a476464506a664b6f697373594b4e376e71757061714e4e3036372f74533938333759533456346f6f356673796936742f506a676969575a6f4c693065534357514e4e414c323969686b6a676c6a69694b4b2f4473665470316157467846576e437258715a746e4d616c6570434d36303478713035526a4f704a4f636c4754636f71556d6b3232724e732b3077474b78554b574a68444534694d495a5a684a77684774556a47452f71315a6330597153555a576a46637953646f725852486c3050697a564e4a3172346a2b45644d53787364483162774c6f6e6a58556c697334354c713931765472326130736e6e75626b7a753972626e5434376d4b324932787a7a3361786c62613465327166777a38565047436162344f317837324765386d753958673258454c535773526c31503751317846622b6145573433583178476a7357534f497771694b62613261496f7262366e684b2b564f7458777547725661697763366c57725170564b6b3579794f4d4a536e4f63584b556e436e43446c4a74754d49526274464a65706b574a784c703030385258612f77426f3064576f2f77446d4e623679377476316266566e3644654d72434b58345a5766694a70626e2b30725456687179536565376837752b74646138347953536d5335324c46496261447937694e344c5a55676a6b56454170326f2b4a395648684c79356e677570727a557265326e7672694247766d687556314b466b467848355a56595557513279716f574353655756463877524e4555562b435944393754702b312f6566384c39616c2b38392f3931375363765a2b3966384164387955755434655a4a32767166645262664c6474326c694c5831746232647258327430747430506954786870452f777a763841547462384b654950456c7066714675675a645444774e4a642b4d3743326b453976464244466472396c6153325032786268706f70482b314e504a746466553772525044666a44784470477436763461306a2b333965314e354c2f5872633669757169343076543756493771336e6d31433453436135686c75494c734c45595a4575726c346f6f5a35544d436976306a696574567739444b3852683674536858724c4d384e5772305a7970567175485873357168557151635a7a6f71626331536c4a77556d356374395477737353717555616956534d4b6d4171526a4e63366a506d6f4c6e697058536e62546d566e625335373866325a2f6770347938486550396538542b4176443273366e34593851366b77754c2f52644775503764756f325951366c34685758546d57393157465a5a46585572583744654d472f6579794d716b63562b304e2b7a353842666835345a69316e532f6778384e395275622b44777644634a7158686d30746b4a315a72352f7455633368332b776236432f77424d57434b4453645268764576725342504c61346d444d574b4b2f434d70346c346a6a6d366f527a2f4f6f304b57497a65464b6a484e636371564f464e34546b6a5470717679516a4379354978696c4779736c5a48755972415943724b73367543776c52796b6c4a314d4e526d354a30344e71546c42335463354e7033546370667a4f2f502f41416a2b442f77512f61472f5a306a317a783138476641396c4a34643072783561614c5a2b46352f47576a572b6e5265482f464f6f775748324f37667862653631616e2f414543306c635732725170484c416e32524c61496558586b6d76384177682b4733686a396f6e77523465384d2b46303046664533676d424e52314b303176784e6458596962515730315567302f567462314877304a68614f7363756f7a3642636172666d4b4e745476373437393552585877767852784e573468347079327278466e74584c6f6636314b4758314d337a43654369716c54326c52527773735136456661564b644f704f314e633834516e4b386f78613463586c6d5776445a5a5865583448322f4e6c4b39743955772f7462516170775874505a382f755171564952313932453578566c4b53654950674c34513048552f694c71576e6170346f6a754a6446314c573559323147772b794e715767616864706f64346c6b6d6c523273476f6153713234744e59746f6f6462417337525a74536d5748444646466630706c474b784e66367a4b76694b39615556684970316174536f31474f457077696b357962536a4345494a4c52526a474b30696b766a6e516f5168434d4b4e4b45564f7131474e4f455970796e7a796153696b6e4b6370546c336b334a3674732f2f396b3d, 'c', 'jpg');
INSERT INTO `images` (`relation_id`, `img`, `type`, `ext`) VALUES
(2, 0x2f396a2f34414151536b5a4a5267414241514141415141424141442f2f67413851314a4651565250556a6f675a325174616e426c5a7942324d5334774943683163326c755a79424a536b6367536c4246527942324e6a49704c4342786457467361585235494430674d54417743762f6241454d4141514542415145424151454241514542415145424151454241514542415145424151454241514542415145424151454241514542415145424151454241514542415145424151454241514542415145424151454241662f6241454d4241514542415145424151454241514542415145424151454241514542415145424151454241514542415145424151454241514542415145424151454241514542415145424151454241514542415145424151454241662f41414245494148344179414d4249674143455145444551482f7841416641414142425145424151454241514141414141414141414141514944424155474277674a4367762f784143314541414341514d444167514442515545424141414158304241674d4142424546456945785151595455574548496e45554d6f47526f51676a5172484246564c523843517a596e4b4343516f574678675a4769556d4a7967704b6a51314e6a63344f547044524556475230684a536c4e5556565a5857466c615932526c5a6d646f6157707a6448563264336835656f4f456859614869496d4b6b704f556c5a61586d4a6d616f714f6b7061616e714b6d7173724f3074626133754c6d367773504578636248794d6e4b3074505531646258324e6e6134654c6a354f586d352b6a7036764879382f5431397666342b66722f7841416641514144415145424151454241514542414141414141414141514944424155474277674a4367762f78414331455141434151494542414d454277554542414142416e6341415149444551514649544547456b4652423246784579497967516755517047687363454a497a4e53384256696374454b46695130345358784678675a4769596e4b436b714e5459334f446b3651305246526b644953557054564656575631685a576d4e6b5a575a6e61476c7163335231646e64346558714367345346686f6549695971536b3553566c7065596d5a71696f36536c7071656f71617179733753317472653475627243773854467873664979637253303954563174665932647269342b546c3575666f36657279382f5431397666342b66722f3267414d41774541416845444551412f415036594b4b4b4b2f574434384b4b4b4b414369696967416f6f6f6f414b4b4b4b4143697569384d2b452f45506a4855563072773570647a71643451476b455156594c61496e623531356453736c7661516738655a504c47724e6845334f56552f57586850396c53315249726e78727230733070415a394c30414c4643687743456c314f376865535963346b5747797438456675376867513163574c7a4843594a66763679553272716e4738366a3765354737696e306c506c692b35765277316176384177344e783263333773563833753131556274646a347271356136647146386357566a65586835474c57326d75446b444a47496b6338446b2b67354e6671486f6e77672b47766838526d77384936544a4c4879747a71554c617663623845475153366d393259324f536633516a5665694b6f4141365478526236385044477257336731724b7a3137374538656a74636f71576b45355a636b4b4933695351524758374d5a4932675735386f7a71595139654c4c69576b35786852773072536b6f2b30723156536a47375335704b45617675706176336b3075353352797561546336713054664c546935743256374a79634e58737444386a354935495a48696c6a654b574e6d53534f525753534e314a4449364d4179737042444b774242424247615a5737346c302f7842706d74366862654b594c2b44585463535461674e534c766454547a4d586134655a6d63584b7a7354496c7a484a4c464f703378794f704448437236574d6c4b4d5a4a78616c464e4f4c356f753676654d757358306656616e6c744e4e707070703273315a723158522b515555555651676f6f6f6f414b4b4b4b414369696967416f6f6f6f414b4b4b4b414369696967416f6f6f6f414b4b4b4b4143757738436544645238652b4a7450384144656e45524e644d307435647370654f77302b4444586435496f49336557684352526c6b3836356b6767446f5a5177342b76734c396b6d7a6765393863333749446332317234667334704d44637346394c7138317767505542354e50745759644359314a3643754c4d63544c43594c45596943546e54696c432b7155707a6a546932757169357156757472472b47704b7458703033384d70506d383478546b3135585361763076632b727643486737516642476a572b6961425a70625730515670353243746433397a744379586c394f465670376954484a49574f4a4e734d4563554352787231464646666d30357a71536c4f636e4f636d35536c4a74755465376265353952474d597052696c474d565a4a4b79535852494b4b4b4b6b5a353138527668706f4878483068724c55346c74395474343544704f74517871627a5435794356556e6733466c492b50744e6c49775352535869614735574b346a2f4d72785034623158776a72756f6548745a6738692f303659785362636d4b614e67486775726479464d6c746377736b304c34424b4f41366f345a462f58717669483972505437654c56764275714a43467572375439597372696344426c68303634734a725a47503841455957314b345071424b4165417550704f487364566a6949344b556e4b6a565533424e33396e4f4d5855664c66614d6c47584e46616331704b7a35722b586d57486a4b6d36365355344f4b6b3139754c616972393346745766613637572b52614b4b4b2b3050444369696967416f6f6f6f414b4b4b4b414369696967416f6f6f6f414b4b4b4b414369696967416f6f6f6f414b2b307632534578622b50483234335465473033592b3973545844747a33322b5a6e4862666e7658786258327a2b79562f794476472f2f58376f662f6f6a5536386a506638416b56346e316f2f2b6e36523235663841373354394a2f384170456a362f6f6f6f72382b506f776f6f6f6f414b2b4d2f32756638416d6e332f41484e6e2f757456396d56385a2f74632f77444e507638417562502f414857713962492f2b527068662b342f2f714e574f504d503930726639772f2f414537412b4d364b4b4b2f516a35734b4b4b4b414369696967416f6f6f6f414b4b4b4b414369696967416f6f6f6f414b4b4b4b4143696969674172394d66674a706d6b576e77303850616a70756e32316e646174614f2b71584d4b6a7a722b357372362b74524e63792f656b64437367514d53496c59784b417167562b5a31666f582b7a4a34697464532b4877304a5a6c2b3365484e52765970625973504d466e71567a4c71567463684f6f686c6e754c7545486e393562795a786c632b42784843637342475565626c685867366954647553555a78546b6c6f30716a68612f5672725939484c476c69476e6137707955623733546939502b33564b39756e6c632b6a614b4b4b2b4750664369696967417235372f61553066523776346458657358746d7332713650505a77364a646d575647736d315456644c6a31484561534c464d4c6d3074664b595378796c4371764873495a6a39435638762f414c552b7657396e344d307251424b76323757645a697576494444662f5a2b6d517a764e4b79386b4c39726e736b544f304f642b306e793257765179714d355a6a673142795456614d6d347470386b6279714a7457393177556c4a624f4c616430326a6d786a69734e57636b6d755272564a726d6253693965716b30303930306d7462487750525252583651664d4252525251415555555541464646464142525252514155555555414646464641425252525141555555554146652f6673313679644c2b4a74705a74497152613770657061593462377253527844553441435277356b3038526f636a4a6b4b444a63412b41316f3654716c376f6d71616672476e532b54666158655739396153344a437a3273717a523731794e385a5a41736945346b51736a664b78726e785648367a68713944524f72536e424e374b54692b57542f7779732f6b61555a2b797130366e386b34796137705056664e58522b773946635638507647326e2f454477785a654972434e34444b5774722b306b445a73745367534d3364737368414530536d5258686e58695347534e6d574f547a496b3757767a4b70546e536e4f6e55693454684a786e4637786b6e5a702f774361306536646a36714d6f7a69705261635a4a4e4e624e50564d4b4b4b4b676f4b2f4d7634392b494234672b4a3369426f70664d746449614451725968747971644e694358716a67446a553376656d6671612b396669643431547744344e31547843496a50646f7157576d513442523953764130647130326344794957445845343676484330612f4f36312b566338383131504e6333456a7a5846784c4a50504e4953306b7330726d53575232504c4f37737a4d54795353612b71346177736e4f746a4a4c3356483246507a6b33476452727237715546665a38386c305a35476156567930364b657266744a4c736c64522b39755474354c75694b69696976726a78676f6f6f6f414b4b4b4b414369696967416f6f6f6f414b4b4b4b414369696967416f6f6f6f414b4b4b4b4143696976532f68443454732f476e7841304c513953686b6e307032753733553434326b5466615746705063694a354969736b63647a634a6232736a6f3862685a7a35627249554e5a31717361464b70576e666b70516c556c5a58664c434c6b374b3675326c6f727137366c5167357a6a435078546b6f712b31354f79763561366e32332b7a6e61665a7668526f557533616236383171375059746a5672757a56694f764b5769675a36714649344972334b7333534e49303351644e74644930653069734e4e7355614f31744964336c776f386a7973464c73376e644a493773575a6d4c4d53547a576c58356c69717978474a7231306d6c5672564b6b5539314755323470326256306d6b374e712f552b716f77396e53703033613849526937624e714b546176725a7537436969697344512b6476326e6e322f445246786e7a5045656c4a6e505445462f4a6e332b356a4848585062422f504376313238552b466444385a61524e6f6e69437a5739735a573878564c79527951584b785378525855456b624b795477435a7a4532536f592f4d72444972386c3954735a644c314c554e4d6e444c5070313964324d79757052316c744a354c65514d68355667385a425539447858326e44646545734e5677365456536c5539704b3972536a56566c79363376486b616c644c654e72336476437a536e4a565931485a786e486c58644f47392f586d75766d55614b4b4b2b6b504d4369696967416f6f6f6f414b4b4b4b414369696967416f6f6f6f414b4b4b4b414369696a72306f414b4b3974384566415478333478386d376d74423462306554612f396f367a484a464e4c453338646c706743336c786c634e473877744c575653436c30612b7576426e3750336744776e354e7a6457523854617248745933757470484e624a494f643174705142736f3144414e4762686279654e674374786e6d764a786d63344c43586a375432395661657a6f7453732f7743394f2f4a47335658636c2f4b7a736f34477657732b586b672f7454307636522b4a2b54736b2b35384c2b4566686634343862736a61446f567a4a5a4d634e71743442593657677a686d46356362457543682b39465a69356e4861493139772f426e344d6e345a6e5574543150557262564e623153326774436253336b6a74744f745935444e5042627a7a4554585032715951504c4b384673414c614a56692b387839325656525652465645525171496f437171714d4b7171414171714141414141414d41597031664c59374f38546a59546f714d4b4e43646c4b4562796e4a4a715355716a36585330684746316f37713536324877464b684a54764b7055573070614a4f316d3478586b3375355736613668525252586a486346464646414258796238572f32656453385661397158697a777271476e7833576f694b613830573953533153573669685347576531766f2f4f6a38323738745a5869754949492f50615752726e39356866724b697572435979766771767473504a526b3438736c4b4b6c475557303347536653385537707153746f31715a56714e4f76446b714a744a33566d3030374e5854586b336f37727950795038532b432f4658672b342b7a654a4e4476394b5973566a6d6e693332633547632f5a722b457932567a307966496e6b492f697761356576325175725330767265573076726133764c5764536b31746451783346764d6836704c444d7278794b6536757042394b2b66664750374e66676a78414a626e51544e34543146397a4157536d36306d5351382f764e4d6d6b557772774146734c6d3069514574354c6e672f55595469536a4f306358536447576964536e65644f2f567548385343386c37526e6b3173726e47376f7a55312f4c4b305a65696677763538702b654e466574654e666770343938452b646358656c6e56644a69334e2f612b692b5a653271526a4a333355496a573873674678766535743074315937556e6b786b2b53313944527230635242564b4e574657442b3143536b6b39374f3273583369374e645565624f6e4f6e4c6c6e47554a64704a72357275764e6142525252577041555555554146464646414252525251415555555541647834432b482f4149672b4965734453744367554a437153366a714e787553783032335a746f6c754a465669306b68444333746f773039777976735552787a53782f6676772f2b4350677a774773463274717575612b67566e317256496b6b614755446c744e737a76743950554e6e5a496e6d3367556c58764a4677424c3844504431686f487731384f506152494c6a57724f5057395275416f45747a6333343831504d6247537474626554617844376f5348634275643262313676684d327a6176694b3158443070797059656e4f56506c693347565678664c4b565270336357302b5743737557334d6e492b677765447030345171546970315a525572765651757270525731307435617539374e494b4b4b4b384939414b4b4b4b414369696967416f6f6f6f414b4b4b4b41436969696741727850783738422f42506a5a5a72754331587735726b675a68716d6b7778787854536e6e6471476e4b59376137334d535a4a552b7a586a6b2f4e644544466532555674517846624454565368566e536d757348613633744a62536a336a4a4e5071694b6c4f6e566a793149526e48733174357037702b61615a2b53586a5077627266675458626e514e636745647843424c623345653572572f73335a6c68766253516853384d75786c494957534b564a495a5653574e31484b562b69503753766869793166346654363836496d6f2b474c713075626166622b38653131433874744f75374d73415435636a584676633450486d57695949444e6e3837712f5163727872782b456a576b6c477047547056556c614c7152555a586a76704b4d6f7974306263656c7a357646304668367a676e654c536e432b2f4b32315a2b6161617631566e70657755555556364a7a4252525251422f396b3d, 'c', 'jpg');

-- --------------------------------------------------------

--
-- Table structure for table `people`
--

CREATE TABLE IF NOT EXISTS `people` (
  `id` int(11) NOT NULL AUTO_INCREMENT,
  `departments_id` int(11) NOT NULL,
  `fname` varchar(50) NOT NULL,
  `lname` varchar(50) NOT NULL,
  `employer` varchar(255) NOT NULL,
  `email` varchar(20) NOT NULL,
  `phone` varchar(20) NOT NULL,
  `cell` varchar(255) NOT NULL,
  `address` varchar(50) NOT NULL,
  `city` varchar(10) NOT NULL,
  `state` varchar(3) NOT NULL,
  `zip` int(11) NOT NULL,
  PRIMARY KEY (`id`)
) ENGINE=InnoDB DEFAULT CHARSET=latin1 AUTO_INCREMENT=1 ;

-- --------------------------------------------------------

--
-- Table structure for table `pharmaceuticals`
--

CREATE TABLE IF NOT EXISTS `pharmaceuticals` (
  `id` int(10) unsigned NOT NULL AUTO_INCREMENT,
  `maker` varchar(70) DEFAULT NULL,
  `name` varchar(70) DEFAULT NULL,
  `site` varchar(255) DEFAULT NULL,
  `side_effects` text,
  PRIMARY KEY (`id`)
) ENGINE=InnoDB  DEFAULT CHARSET=latin1 AUTO_INCREMENT=4 ;

--
-- Dumping data for table `pharmaceuticals`
--

INSERT INTO `pharmaceuticals` (`id`, `maker`, `name`, `site`, `side_effects`) VALUES
(1, 'Teva Pharmaceuticals', 'Vouched4', 'http://www.drugs.com/manufacturer/teva-pharmaceuticals-140.html', 'testing update'),
(2, 'Bausch &amp; Lomb Inc.', 'beer', 'http://www.drugs.com/manufacturer/bausch-lomb-inc-27.html', 'test'),
(3, 'Roxane Laboratories,Inc.', 'zoloft', 'http://www.drugs.com/manufacturer/roxane-laboratories-inc-122.html', 'test');

-- --------------------------------------------------------

--
-- Table structure for table `physicians`
--

CREATE TABLE IF NOT EXISTS `physicians` (
  `id` int(11) NOT NULL AUTO_INCREMENT,
  `name` varchar(70) NOT NULL,
  `phone` varchar(20) NOT NULL,
  `address` varchar(255) NOT NULL,
  `city` varchar(50) NOT NULL,
  `state` varchar(3) NOT NULL,
  `zip` varchar(14) NOT NULL,
  `email` varchar(150) NOT NULL,
  `site` varchar(255) NOT NULL,
  `notes` text NOT NULL,
  PRIMARY KEY (`id`)
) ENGINE=InnoDB  DEFAULT CHARSET=latin1 AUTO_INCREMENT=27 ;

--
-- Dumping data for table `physicians`
--

INSERT INTO `physicians` (`id`, `name`, `phone`, `address`, `city`, `state`, `zip`, `email`, `site`, `notes`) VALUES
(1, 'Dr bros', '530 626 7217', '123 Main St', 'Placerville', 'AL', '95667', 'dr.bro@health.com', 'health.com', 'test'),
(5, 'validation test', '(916) 847-5130', '2955 Coloma St.', 'Shingle Springs', 'CA', '95667', 'scott@graphicdesignhouse.com', '', 'test'),
(6, 'Vouched4', '(916) 847-5130', '2955 Coloma St.', 'Shingle Springs', 'CA', '95667', 'scott@graphicdesignhouse.com', '', 'dasf asdf asdfasd sdaf  asdfasdfasdfasdf sfasdf sd sad fsadf'),
(26, 'Mr Doctor', '(916) 847-5130', '2955 Coloma St.', 'Shingle Springs', 'CA', '95667', 'scott@graphicdesignhouse.com', '', 'test');

-- --------------------------------------------------------

--
-- Table structure for table `programs`
--

CREATE TABLE IF NOT EXISTS `programs` (
  `id` int(11) NOT NULL AUTO_INCREMENT,
  `consumers_id` int(11) NOT NULL,
  `name` int(11) NOT NULL,
  `payee` varchar(255) NOT NULL,
  `contact_person` varchar(255) NOT NULL,
  `contact_information` text NOT NULL,
  `attended` varchar(255) NOT NULL,
  PRIMARY KEY (`id`)
) ENGINE=InnoDB DEFAULT CHARSET=latin1 AUTO_INCREMENT=1 ;

-- --------------------------------------------------------

--
-- Table structure for table `reports_isp`
--

CREATE TABLE IF NOT EXISTS `reports_isp` (
  `id` int(11) NOT NULL AUTO_INCREMENT,
  `type_id` int(11) NOT NULL,
  `consumers_id` int(11) NOT NULL,
  `consumers_medical_status_id` int(11) NOT NULL,
  `consumers_sirs_id` int(11) NOT NULL,
  `consumers_goals_id` int(11) NOT NULL,
  `consumers_program_id` int(11) NOT NULL,
  `status` text NOT NULL,
  `needs` text NOT NULL,
  `summary` text NOT NULL,
  `total_hours` float NOT NULL,
  `completed_signature` varchar(255) NOT NULL,
  `signature` varchar(255) NOT NULL,
  `date` int(11) NOT NULL,
  PRIMARY KEY (`id`)
) ENGINE=InnoDB DEFAULT CHARSET=latin1 AUTO_INCREMENT=1 ;

-- --------------------------------------------------------

--
-- Table structure for table `temp`
--

CREATE TABLE IF NOT EXISTS `temp` (
  `id` int(11) NOT NULL AUTO_INCREMENT,
  `pointer` varchar(50) NOT NULL,
  `status` varchar(10) NOT NULL,
  `data` text NOT NULL,
  `action` varchar(10) NOT NULL,
  `account_id` int(11) NOT NULL,
  `created` bigint(20) NOT NULL,
  PRIMARY KEY (`id`)
) ENGINE=MyISAM  DEFAULT CHARSET=latin1 AUTO_INCREMENT=17 ;

--
-- Dumping data for table `temp`
--

INSERT INTO `temp` (`id`, `pointer`, `status`, `data`, `action`, `account_id`, `created`) VALUES
(1, 'scottyadean', 'public', 'hello', 'chat', 1, 1382208230),
(2, 'scottyadean', 'public', '<a href=''http://www.google.com'' target=''_blank'' >http://www.google.com</a>', 'chat', 1, 1382208232),
(3, 'scottyadean', 'public', '<i>&#x263A;</i>', 'chat', 1, 1382208239),
(4, 'scottyadean', 'public', 'hello', 'chat', 1, 1382221788),
(5, 'scottyadean', 'public', 'testing', 'chat', 1, 1382328671),
(6, 'scottyadean', 'public', 'hello budy', 'chat', 1, 1382328751),
(7, 'scottyadean', 'public', 'test', 'chat', 1, 1382770415),
(8, 'scottyadean', 'public', '<i>&#x2639;</i>', 'chat', 1, 1385357218),
(9, 'scottyadean', 'public', 'farty ()', 'chat', 1, 1385962897),
(10, 'scottyadean', 'public', 'hello', 'chat', 1, 1387483320),
(11, 'scottyadean', 'public', '<i>&#x2639;</i>', 'chat', 1, 1387483322),
(12, 'scottyadean', 'public', ':|', 'chat', 1, 1387483327),
(13, 'scottyadean', 'public', 'hello', 'chat', 1, 1389390265),
(14, 'scottyadean', 'public', '<i>&#x262F;</i>', 'chat', 1, 1389402635),
(15, 'scottyadean', 'public', '<i>&#x262F;</i>', 'chat', 1, 1389402639),
(16, 'scottyadean', 'public', '&#x2624;', 'chat', 1, 1389402755);

-- --------------------------------------------------------

--
-- Table structure for table `users`
--

CREATE TABLE IF NOT EXISTS `users` (
  `id` int(11) NOT NULL AUTO_INCREMENT,
  `account_id` int(10) NOT NULL,
  `username` varchar(100) NOT NULL,
  `password` varchar(40) NOT NULL,
  `salt` varchar(60) NOT NULL,
  `fname` varchar(70) NOT NULL,
  `lname` varchar(70) NOT NULL,
  `phone` varchar(20) NOT NULL,
  `email` varchar(150) NOT NULL,
  `status` varchar(255) NOT NULL,
  `position` varchar(255) NOT NULL,
  `role` int(11) NOT NULL DEFAULT '1',
  `last_log` datetime NOT NULL,
  `date_created` datetime NOT NULL,
  PRIMARY KEY (`id`)
) ENGINE=MyISAM  DEFAULT CHARSET=latin1 AUTO_INCREMENT=5 ;

--
-- Dumping data for table `users`
--

INSERT INTO `users` (`id`, `account_id`, `username`, `password`, `salt`, `fname`, `lname`, `phone`, `email`, `status`, `position`, `role`, `last_log`, `date_created`) VALUES
(1, 1, 'scottyadean', '6ab152fa34a0a70e9b682a9497ad0101508b2ed8', 'ac11ccbad0cc2392a5c7', 'Scott', 'Dean', '', 'scott.dean@graphicdesignhouse.com', '_', '', 2, '2014-01-09 10:46:59', '2012-08-18 06:44:33'),
(4, 0, 'torey.smith', '1e920313e1bae7b29c24b1bf8fd42f5f2406241c', 'ff0033fafc1c04020d8a', 'Torey', 'Smith', '916-698-5585', 'torey@capitalsocailservices.com', '', 'Director of Operations', 4, '2013-07-09 10:17:54', '2013-07-09 10:17:54');

/*!40101 SET CHARACTER_SET_CLIENT=@OLD_CHARACTER_SET_CLIENT */;
/*!40101 SET CHARACTER_SET_RESULTS=@OLD_CHARACTER_SET_RESULTS */;
/*!40101 SET COLLATION_CONNECTION=@OLD_COLLATION_CONNECTION */;
