-- phpMyAdmin SQL Dump
-- version 3.4.5deb1
-- http://www.phpmyadmin.net
--
-- Host: localhost
-- Generation Time: Oct 20, 2013 at 11:25 PM
-- Server version: 5.1.69
-- PHP Version: 5.3.6-13ubuntu3.10

SET SQL_MODE="NO_AUTO_VALUE_ON_ZERO";
SET time_zone = "+00:00";


/*!40101 SET @OLD_CHARACTER_SET_CLIENT=@@CHARACTER_SET_CLIENT */;
/*!40101 SET @OLD_CHARACTER_SET_RESULTS=@@CHARACTER_SET_RESULTS */;
/*!40101 SET @OLD_COLLATION_CONNECTION=@@COLLATION_CONNECTION */;
/*!40101 SET NAMES utf8 */;

--
-- Database: `socialWorks`
--

-- --------------------------------------------------------

--
-- Table structure for table `consumers`
--

CREATE TABLE IF NOT EXISTS `consumers` (
  `id` int(11) NOT NULL AUTO_INCREMENT,
  `type` varchar(10) NOT NULL,
  `fname` varchar(70) NOT NULL,
  `lname` varchar(70) NOT NULL,
  `address` varchar(255) NOT NULL,
  `state` varchar(4) NOT NULL,
  `county` varchar(70) NOT NULL,
  `city` varchar(150) NOT NULL,
  `zip` varchar(15) NOT NULL,
  `phone` varchar(15) NOT NULL,
  `email` varchar(150) NOT NULL,
  `birth_date` date NOT NULL,
  `bio` text NOT NULL,
  `create_date` datetime NOT NULL,
  PRIMARY KEY (`id`)
) ENGINE=InnoDB  DEFAULT CHARSET=latin1 AUTO_INCREMENT=3 ;

--
-- Dumping data for table `consumers`
--

INSERT INTO `consumers` (`id`, `type`, `fname`, `lname`, `address`, `state`, `county`, `city`, `zip`, `phone`, `email`, `birth_date`, `bio`, `create_date`) VALUES
(1, 'ils', 'Mr', 'Special', '2955 Coloma St.', 'CA', 'El Dorado', 'PLACERVILLE', '95667', '530 957 5821', 'scott@graphicdesignhouse.com', '1970-04-28', 'test', '2013-08-20 20:57:05'),
(2, 'ils', 'Spencer', 'Agamsi', '2333 main st', 'CA', 'USA', 'Placerville', '95667', '543 789 9087', 'spencer@agamsi.com', '1976-05-06', 'test', '2013-10-08 22:29:55');

-- --------------------------------------------------------

--
-- Table structure for table `consumers_checkins`
--

CREATE TABLE IF NOT EXISTS `consumers_checkins` (
  `id` int(11) NOT NULL AUTO_INCREMENT,
  `geo` text,
  `consumer_id` int(11) DEFAULT NULL,
  `user_id` int(11) DEFAULT NULL,
  `in_lat` float(10,6) DEFAULT NULL,
  `in_lng` float(10,6) DEFAULT NULL,
  `in_time` bigint(20) DEFAULT NULL,
  `out_lat` float(10,6) DEFAULT NULL,
  `out_lng` float(10,6) DEFAULT NULL,
  `out_time` bigint(20) DEFAULT NULL,
  `mileage` float DEFAULT NULL,
  `note` varchar(45) DEFAULT NULL,
  PRIMARY KEY (`id`)
) ENGINE=MyISAM DEFAULT CHARSET=latin1 AUTO_INCREMENT=1 ;

-- --------------------------------------------------------

--
-- Table structure for table `consumers_medicals`
--

CREATE TABLE IF NOT EXISTS `consumers_medicals` (
  `id` int(11) NOT NULL AUTO_INCREMENT,
  `date` datetime NOT NULL,
  `accompanying` varchar(150) NOT NULL,
  `user_id` int(11) DEFAULT NULL,
  `location_id` int(11) DEFAULT NULL,
  `consumer_id` int(11) DEFAULT NULL,
  `physician_id` bigint(20) DEFAULT NULL,
  `description` text,
  `bp` varchar(20) DEFAULT NULL,
  `heart` varchar(20) DEFAULT NULL,
  `weight` varchar(20) NOT NULL,
  `info` text NOT NULL,
  `special` text NOT NULL,
  `medications` text NOT NULL,
  `referrals` text NOT NULL,
  `next` datetime NOT NULL,
  PRIMARY KEY (`id`)
) ENGINE=MyISAM DEFAULT CHARSET=latin1 AUTO_INCREMENT=1 ;

-- --------------------------------------------------------

--
-- Table structure for table `consumers_pharamchicals`
--

CREATE TABLE IF NOT EXISTS `consumers_pharamchicals` (
  `consumer_id` int(11) DEFAULT '0',
  `pharamchical_id` varchar(45) DEFAULT NULL
) ENGINE=InnoDB DEFAULT CHARSET=latin1;

--
-- Dumping data for table `consumers_pharamchicals`
--

INSERT INTO `consumers_pharamchicals` (`consumer_id`, `pharamchical_id`) VALUES
(1, '3'),
(1, '2'),
(1, '1');

-- --------------------------------------------------------

--
-- Table structure for table `consumers_physicians`
--

CREATE TABLE IF NOT EXISTS `consumers_physicians` (
  `consumer_id` int(11) NOT NULL,
  `physician_id` int(11) NOT NULL
) ENGINE=InnoDB DEFAULT CHARSET=latin1;

--
-- Dumping data for table `consumers_physicians`
--

INSERT INTO `consumers_physicians` (`consumer_id`, `physician_id`) VALUES
(1, 3),
(1, 2),
(2, 26),
(1, 1),
(1, 5),
(1, 6),
(1, 26);

-- --------------------------------------------------------

--
-- Table structure for table `consumers_users`
--

CREATE TABLE IF NOT EXISTS `consumers_users` (
  `consumer_id` int(11) NOT NULL,
  `user_id` int(11) NOT NULL
) ENGINE=InnoDB DEFAULT CHARSET=latin1;

--
-- Dumping data for table `consumers_users`
--

INSERT INTO `consumers_users` (`consumer_id`, `user_id`) VALUES
(2, 1),
(1, 1),
(1, 4);

-- --------------------------------------------------------

--
-- Table structure for table `images`
--

CREATE TABLE IF NOT EXISTS `images` (
  `relation_id` int(11) NOT NULL,
  `img` blob NOT NULL,
  `type` varchar(1) NOT NULL,
  `ext` varchar(4) NOT NULL
) ENGINE=InnoDB DEFAULT CHARSET=latin1;

--
-- Dumping data for table `images`
--

INSERT INTO `images` (`relation_id`, `img`, `type`, `ext`) VALUES
(1, 0x2f396a2f34414151536b5a4a5267414241514141415141424141442f2f67413851314a4651565250556a6f675a325174616e426c5a7942324d5334774943683163326c755a79424a536b6367536c4246527942324e6a49704c4342786457467361585235494430674d54417743762f6241454d4141514542415145424151454241514542415145424151454241514542415145424151454241514542415145424151454241514542415145424151454241514542415145424151454241514542415145424151454241662f6241454d4241514542415145424151454241514542415145424151454241514542415145424151454241514542415145424151454241514542415145424151454241514542415145424151454241514542415145424151454241662f41414245494148344179414d4249674143455145444551482f7841416641414142425145424151454241514141414141414141414141514944424155474277674a4367762f784143314541414341514d444167514442515545424141414158304241674d4142424546456945785151595455574548496e45554d6f47526f51676a5172484246564c523843517a596e4b4343516f574678675a4769556d4a7967704b6a51314e6a63344f547044524556475230684a536c4e5556565a5857466c615932526c5a6d646f6157707a6448563264336835656f4f456859614869496d4b6b704f556c5a61586d4a6d616f714f6b7061616e714b6d7173724f3074626133754c6d367773504578636248794d6e4b3074505531646258324e6e6134654c6a354f586d352b6a7036764879382f5431397666342b66722f7841416641514144415145424151454241514542414141414141414141514944424155474277674a4367762f78414331455141434151494542414d454277554542414142416e6341415149444551514649544547456b4652423246784579497967516755517047687363454a497a4e53384256696374454b46695130345358784678675a4769596e4b436b714e5459334f446b3651305246526b644953557054564656575631685a576d4e6b5a575a6e61476c7163335231646e64346558714367345346686f6549695971536b3553566c7065596d5a71696f36536c7071656f71617179733753317472653475627243773854467873664979637253303954563174665932647269342b546c3575666f36657279382f5431397666342b66722f3267414d41774541416845444551412f415036594b4b4b4b2f574434384b4b4b4b414369696967416f6f6f6f414b4b4b4b4143697569384d2b452f45506a4855563072773570647a71643451476b455156594c61496e623531356453736c7661516738655a504c47724e6845334f56552f57586850396c53315249726e78727230733070415a394c30414c4643687743456c314f376865535963346b5747797438456675376867513163574c7a4843594a66763679553272716e4738366a3765354737696e306c506c692b35765277316176384177344e783263333773563833753131556274646a347271356136647146386357566a65586835474c57326d75446b444a47496b6338446b2b67354e6671486f6e77672b47766838526d77384936544a4c4879747a71554c617663623845475153366d393259324f536633516a5665694b6f4141365478526236385044477257336731724b7a3137374538656a74636f71576b45355a636b4b4933695351524758374d5a4932675735386f7a71595139654c4c69576b35786852773072536b6f2b30723156536a47375335704b45617675706176336b3075353352797561546336713054664c546935743256374a79634e58737444386a354935495a48696c6a654b574e6d53534f525753534e314a4449364d4179737042444b774242424247615a5737346c302f7842706d74366862654b594c2b44585463535461674e534c766454547a4d586134655a6d63584b7a7354496c7a484a4c464f703378794f704448437236574d6c4b4d5a4a78616c464e4f4c356f753676654d757358306656616e6c744e4e707070703273315a723158522b515555555651676f6f6f6f414b4b4b4b414369696967416f6f6f6f414b4b4b4b414369696967416f6f6f6f414b4b4b4b4143757738436544645238652b4a7450384144656e45524e644d307435647370654f77302b4444586435496f49336557684352526c6b3836356b6767446f5a5177342b76734c396b6d7a6765393863333749446332317234667334704d44637346394c7138317767505542354e50745759644359314a3643754c4d63544c43594c45596943546e54696c432b7155707a6a546932757169357156757472472b47704b7458703033384d70506d383478546b3135585361763076632b727643486737516642476a572b6961425a70625730515670353243746433397a744379586c394f465670376954484a49574f4a4e734d4563554352787231464646666d30357a71536c4f636e4f636d35536c4a74755465376265353952474d597052696c474d565a4a4b79535852494b4b4b4b6b5a353138527668706f4878483068724c55346c74395474343544704f74517871627a5435794356556e6733466c492b50744e6c49775352535869614735574b346a2f4d72785034623158776a72756f6548745a6738692f303659785362636d4b614e67486775726479464d6c746377736b304c34424b4f41366f345a462f58717669483972505437654c56764275714a43467572375439597372696344426c68303634734a725a47503841455957314b345071424b4165417550704f487364566a6949344b556e4b6a565533424e33396e4f4d5855664c66614d6c47584e46616331704b7a35722b586d57486a4b6d36365355344f4b6b3139754c616972393346745766613637572b52614b4b4b2b3050444369696967416f6f6f6f414b4b4b4b414369696967416f6f6f6f414b4b4b4b414369696967416f6f6f6f414b2b307632534578622b50483234335465473033592b3973545844747a33322b5a6e4862666e7658786258327a2b79562f794476472f2f58376f662f6f6a5536386a506638416b56346e316f2f2b6e36523235663841373354394a2f384170456a362f6f6f6f72382b506f776f6f6f6f414b2b4d2f32756638416d6e332f41484e6e2f757456396d56385a2f74632f77444e507638417562502f414857713962492f2b527068662b342f2f714e574f504d503930726639772f2f414537412b4d364b4b4b2f516a35734b4b4b4b414369696967416f6f6f6f414b4b4b4b414369696967416f6f6f6f414b4b4b4b4143696969674172394d66674a706d6b576e77303850616a70756e32316e646174614f2b71584d4b6a7a722b357372362b74524e63792f656b64437367514d53496c59784b417167562b5a31666f582b7a4a34697464532b4877304a5a6c2b3365484e52765970625973504d466e71567a4c71567463684f6f686c6e754c7545486e393562795a786c632b42784843637342475565626c685867366954647553555a78546b6c6f30716a68612f5672725939484c476c69476e6137707955623733546939502b33564b39756e6c632b6a614b4b4b2b4750664369696967417235372f61553066523776346458657358746d7332713650505a77364a646d575647736d315456644c6a31484561534c464d4c6d3074664b595378796c4371764873495a6a39435638762f414c552b7657396e344d307251424b76323757645a697576494444662f5a2b6d517a764e4b79386b4c39726e736b544f304f642b306e793257765179714d355a6a673142795456614d6d347470386b6279714a7457393177556c4a624f4c616430326a6d786a69734e57636b6d755272564a726d6253693965716b30303930306d7462487750525252583651664d4252525251415555555541464646464142525252514155555555414646464641425252525141555555554146652f6673313679644c2b4a74705a74497152613770657061593462377253527844553441435277356b3038526f636a4a6b4b444a63412b41316f3654716c376f6d71616672476e532b54666158655739396153344a437a3273717a523731794e385a5a41736945346b51736a664b78726e785648367a68713944524f72536e424e374b54692b57542f7779732f6b61555a2b797130366e386b34796137705056664e58522b773946635638507647326e2f454477785a654972434e34444b5774722b306b445a73745367534d3364737368414530536d5258686e58695347534e6d574f547a496b3757767a4b70546e536e4f6e55693454684a786e4637786b6e5a702f774361306536646a36714d6f7a69705261635a4a4e4e624e50564d4b4b4b4b676f4b2f4d7634392b494234672b4a3369426f70664d746449614451725968747971644e694358716a67446a553376656d6671612b396669643431547744344e31547843496a50646f7157576d513442523953764130647130326344794957445845343676484330612f4f36312b566338383131504e6333456a7a5846784c4a50504e4953306b7330726d53575232504c4f37737a4d54795353612b71346177736e4f746a4a4c3356483246507a6b33476452727237715546665a38386c305a35476156567930364b657266744a4c736c64522b39755474354c75694b69696976726a78676f6f6f6f414b4b4b4b414369696967416f6f6f6f414b4b4b4b414369696967416f6f6f6f414b4b4b4b4143696976532f68443454732f476e7841304c513953686b6e307032753733553434326b5466615746705063694a354969736b63647a634a6232736a6f3862685a7a35627249554e5a31717361464b70576e666b70516c556c5a58664c434c6b374b3675326c6f727137366c5167357a6a435078546b6f712b31354f79763561366e32332b7a6e61665a7668526f557533616236383171375059746a5672757a56694f764b5769675a36714649344972334b7333534e49303351644e74644930653069734e4e7355614f31744964336c776f386a7973464c73376e644a493773575a6d4c4d53547a576c58356c69717978474a7231306d6c5672564b6b5539314755323470326256306d6b374e712f552b716f77396e53703033613849526937624e714b546176725a7537436969697344512b6476326e6e322f445246786e7a5045656c4a6e505445462f4a6e332b356a4848585062422f504376313238552b466444385a61524e6f6e69437a5739735a573878564c79527951584b785378525855456b624b795477435a7a4532536f592f4d72444972386c3954735a644c314c554e4d6e444c5070313964324d79757052316c744a354c65514d68355667385a425539447858326e44646545734e5677365456536c5539704b3972536a56566c79363376486b616c644c654e72336476437a536e4a565931485a786e486c58644f47392f586d75766d55614b4b4b2b6b504d4369696967416f6f6f6f414b4b4b4b414369696967416f6f6f6f414b4b4b4b414369696a72306f414b4b3974384566415478333478386d376d74423462306554612f396f367a484a464e4c453338646c706743336c786c634e473877744c575653436c30612b7576426e3750336744776e354e7a6457523854617248745933757470484e624a494f643174705142736f3144414e4762686279654e674374786e6d764a786d63344c43586a375432395661657a6f7453732f7743394f2f4a47335658636c2f4b7a736f34477657732b586b672f7454307636522b4a2b54736b2b35384c2b4566686634343862736a61446f567a4a5a4d634e71743442593657677a686d46356362457543682b39465a69356e4861493139772f426e344d6e345a6e5574543150557262564e623153326774436253336b6a74744f745935444e5042627a7a4554585032715951504c4b384673414c614a56692b387839325656525652465645525171496f437171714d4b7171414171714141414141414d41597031664c59374f38546a59546f714d4b4e43646c4b4562796e4a4a715355716a36585330684746316f37713536324877464b684a54764b7055573070614a4f316d3478586b3375355736613668525252586a486346464646414258796238572f32656453385661397158697a777271476e7833576f694b613830573953533153573669685347576531766f2f4f6a38323738745a5869754949492f50615752726e39356866724b697572435979766771767473504a526b3438736c4b4b6c475557303347536653385537707153746f31715a56714e4f76446b714a744a33566d3030374e5854586b336f37727950795038532b432f4658672b342b7a654a4e4476394b5973566a6d6e693332633547632f5a722b457932567a307966496e6b492f697761356576325175725330767265573076726133764c5764536b31746451783346764d6836704c444d7278794b6536757042394b2b66664750374e66676a78414a626e51544e34543146397a4157536d36306d5351382f764e4d6d6b557772774146734c6d3069514574354c6e672f55595469536a4f306358536447576964536e65644f2f567548385343386c37526e6b3173726e47376f7a55312f4c4b305a65696677763538702b654e466574654e666770343938452b646358656c6e56644a69334e2f612b692b5a653271526a4a333355496a573873674678766535743074315937556e6b786b2b53313944527230635242564b4e574657442b3143536b6b39374f3273583369374e645565624f6e4f6e4c6c6e47554a64704a72357275764e6142525252577041555555554146464646414252525251415555555541647834432b482f4149672b4965734453744367554a437153366a714e787553783032335a746f6c754a465669306b68444333746f773039777976735552787a53782f6676772f2b4350677a774773463274717575612b67566e317256496b6b614755446c744e737a76743950554e6e5a496e6d3367556c58764a4677424c3844504431686f487731384f506152494c6a57724f5057395275416f45747a6333343831504d6247537474626554617844376f5348634275643262313676684d327a6176694b3158443070797059656e4f56506c693347565678664c4b565270336357302b5743737557334d6e492b677765447030345171546970315a525572765651757270525731307435617539374e494b4b4b4b384939414b4b4b4b414369696967416f6f6f6f414b4b4b4b41436969696741727850783738422f42506a5a5a72754331587735726b675a68716d6b7778787854536e6e6471476e4b59376137334d535a4a552b7a586a6b2f4e644544466532555674517846624454565368566e536d757348613633744a62536a336a4a4e5071694b6c4f6e566a793149526e48733174357037702b61615a2b53586a5077627266675458626e514e636745647843424c623345653572572f73335a6c68766253516853384d75786c494957534b564a495a5653574e31484b562b69503753766869793166346654363836496d6f2b474c713075626166622b38653131433874744f75374d73415435636a584676633450486d57695949444e6e3837712f5163727872782b456a576b6c477047547056556c614c7152555a586a76704b4d6f7974306263656c7a357646304668367a676e654c536e432b2f4b32315a2b6161617631566e70657755555556364a7a4252525251422f396b3d, 'c', 'jpg'),
(0, 0x2f396a2f34414151536b5a4a5267414241514141415141424141442f2f67413851314a4651565250556a6f675a325174616e426c5a7942324d5334774943683163326c755a79424a536b6367536c4246527942324f4441704c4342786457467361585235494430674d54417743762f6241454d4141514542415145424151454241514542415145424151454241514542415145424151454241514542415145424151454241514542415145424151454241514542415145424151454241514542415145424151454241662f6241454d4241514542415145424151454241514542415145424151454241514542415145424151454241514542415145424151454241514542415145424151454241514542415145424151454241514542415145424151454241662f4141424549414751415a414d4249674143455145444551482f7841416641414142425145424151454241514141414141414141414141514944424155474277674a4367762f784143314541414341514d444167514442515545424141414158304241674d4142424546456945785151595455574548496e45554d6f47526f51676a5172484246564c523843517a596e4b4343516f574678675a4769556d4a7967704b6a51314e6a63344f547044524556475230684a536c4e5556565a5857466c615932526c5a6d646f6157707a6448563264336835656f4f456859614869496d4b6b704f556c5a61586d4a6d616f714f6b7061616e714b6d7173724f3074626133754c6d367773504578636248794d6e4b3074505531646258324e6e6134654c6a354f586d352b6a7036764879382f5431397666342b66722f7841416641514144415145424151454241514542414141414141414141514944424155474277674a4367762f78414331455141434151494542414d454277554542414142416e6341415149444551514649544547456b4652423246784579497967516755517047687363454a497a4e53384256696374454b46695130345358784678675a4769596e4b436b714e5459334f446b3651305246526b644953557054564656575631685a576d4e6b5a575a6e61476c7163335231646e64346558714367345346686f6549695971536b3553566c7065596d5a71696f36536c7071656f71617179733753317472653475627243773854467873664979637253303954563174665932647269342b546c3575666f36657279382f5431397666342b66722f3267414d41774541416845444551412f4150372b4b4b4b4b41436969766b333972373438367638414262774270656c65416f4c6655766a4c3856646154774a384a39496d574b5a45317939564676384178546532387953784e6f2f6847306e6a31432b6c75495a724a62756654494c2b4a7253366c704e704a743749434434372f74642b4650684a346b732f68683451384e617a38592f6a6a7139736c787066777538485378527a5745457937344e51385a2b495a59726a5476422b6c744669356b754c364b34756f624a6f722b5778537775494c755477474877742b334638575a6a71586a37342f6547766750704e77513848676a344f65454c587842713170457749467666654c664556794a6f723049564d38397463617061504972506257316b483874647634422f4276522f672f6f74797233737669663469654b5a2f37572b4a58784731557664612f77434c76454e334b317a65764c66334a6b764530713375485a4e50736d6c434c476933457947386c6e6b62363130614a44747a31336454314f6348413664542b655257504d35766579766f6b3975313274572f77374c714c66585830322b2f762b58356e794b663257766931616f4c72526632312f326b725056635a57363171667774346930705a5350765361472b6c6163736b58497a436235636a494567786b55492f69422b32312b7a2f4b31373430732f44503757487732744158314739384736517667723478615a5a5267435339745044385454614a72373238496c6e6b306132462f71562f4949346f6458733133352f5166374c42396d335a58646a377035494f4d485042326b636a5036633177757271735a5a6b4a5571787752315030786a5051634850624e4454685a70765733562b576a54763558302f454c65622b397638376f6c2b4376787a2b47333751486732487874384e4e645456744f5763324f71366663526d7a317a77357130614b382b6a2b494e4b6b4a754e4e31434657444258335158554c4c633255397a6179527a4e363958354c2f473377377258774a385a502b3174384672463464633046566b2b4f766747785932326a2f465434664c4b4a4e58314f3574596b614f3338566548346d6d3153333174595a58574f4a7236396a6e466e50467148366665422f4766682f7743496e672f777a3436384b3367762f44766933526450313752376f6856655378314b326a756f566d6a566e45567a4548386d36673373594c694f57466d4c526d7449543574485a53537670733133582f424479652f352b612f5874397a66565555555659776f6f6f6f414b4b4b4b41437679682b4946332f77734839764c787071462b2f6e36582b7a70384b664448683751724e2f6d697466462f774154557564627574546a54356f2f502f73415432737262524c746577646e5551776766713958354579534e7076375933375939686341523347706a34482b4937494e392b36306f6644394e496c6d6a4842614f3176374a345a4341516a545135624c385a566d31483570333830315954366576355866356f2b706447757743704c456e4b6e507163386b3941656e5046656f615a7149514c387734425062327a2b4866763272353730765573592b596e70333950354d4f5431352f4931336c6a712b30443576544850587141656662714f2f552b32455a4b316e665476743058792f72555a376d4e5a7848743348474236446f42782b6c6372716d6f6839784c5a7a6b2f5849354f423048475063354a3975512f747235503841574e6a307a33394f756576623866657361393159454e6c6a774d636e304838795267447436383830357061332f726132766136303351444e5475597057654364493572613557533275495a56575347614334557853785452747553574e305a6c6b6a634d72495756675154586e503841775475316d5853504358786b2b4263383753782f417634772b497445384e784f537a576e67587854492f69447735614e49354d6b7067767a34686a6a6b6243693146744445416b494130373755444a4e476762356d6c52526735494a5a5163635934376b3541782b58466673477879332f77415a7632326645384b4136547148784838436548376134544a6a6c314c77766f76694a6457524747554a694772574c50744f373938705944496f7079626d762b337237375776743557587236366965362b6633663841443250307a6f6f6f7271474646464641425252525141562b563337614f68532f435034386644443970594c7338422b4b74476234492f46323641506b614c46663372616a344c3853366b774c434854303149477a764e516b534f4377466a61327a544354566c5676307638414676693377333445384e61313478385836785a65482f4450687a54376a564e61316e555a44466157466a624b476c6d6c4b71386a7354746a6867686a6c754c6d6434726532696c6e6c6a6a66387166694a4c38537632313742645738542f322f384b503255354a767450687a7752436936643853666a66466158435332486948785263756b73766862775a4a4e444864615270646d7a3346374771333073737a7a616266575764577a6a79395874387572387636576f6e2b4f362b54572f6c746672324f2b457374684f596d4f35515159335535456b62637134494a42444c7a6b4571447839647931316b414435782f33317a2f41467763345038416e4e66436e68333468654966326270626234632f4757505639632b464e7250396838412f462b32744a3951765044756d42696c6e3465386432646e464a63424e50684352326d6f327473466b74554d567261334563444a702f7742636150653656346c302b485750432b736154346d3069366a576133314c516451746452745a6f6e47565a5a4c57655253657841597372416f775277514f4e71326a424f2f6b2b333962727a505250376147333777336637772f502f50667469732b36316b344f4848512f77415850707878317a6e332f537564577a766d49566265374a4a41783554444250596c6c4148346d76505069463854766835384a3950625576482f41496e73644d6b4b734c4877395a7a52366a3470316d63634c6161566f73456a5855386b6a6c55656372486157323557753771326a506d55444e6a346a66456e5366686a344938532f4550586d33574f67574d72324e6c35676a6d316e577077594e4b3065304a42506d333934384d545368584676455a4c6c314d63456d5072483969483454617a384a6667423466742f4673447765507669427175736646543467704c484a444d6e697278744c446550617a32306a4d31726361586f74766f756a334675534446507030697371747555666c4c4a384f506a642b315471466a34334f734c38474c4c776465366434682b4233676a584e48744e6268752f45476d33734e395a2b4976694a5933734d3171723669495242623264785961674c53326d5147796b68653758562f314c2f5a6c2f6165752f6962714f732f434c34742b486b2b473337524867613253547856344e6b6b593656346d734645616a786e34447535354866552f44742f7669753267456b382b6e783363475a3771325a626b6230556c4b37756d39466661326c2f52366162614e3736335737376270646237582f4c61393939756e325252525258534d4b4b4b4b41436969766e5439724c346e583377692f5a392b4a486a44526a2f7741564d2b6b772b475042364c6779487862347a763758777234656e6a6a4a426e2f7337556458683157654654756530734c6a474d5a4362736d33305677506c50785a714e742b317a385974576931436157372f5a6d2f5a39385548535630714e332f414c4c2b4e50786f307a44336e32385a57485566427667435978777852625a37625664516161366a6c6d303635556a36694f4e54596d375647566f31524931554c464445717173634d4d5977736355534549694b426744755353664a2f68313448303734552f442f414d442f4141763070517474344d385032747271452b37644c716669532b55616a346c3165376b79544e65616e724633645864314b7a46764e6b64415247694b7670316864524759323675476d6a686a6c6b5159506c70497a4c47584950426b4d62684165574563684843354f46377474377436396675386c743031754c377232562f363762324d485850684c6f586957436533756261326e68754932696e743769474f61435a48795753534b52576a6b52763772676a676531664b4f742f38453650415633714d2b722b43377a7858384d39566e6435706272346465493772772f42504b632f504a70624c64615a44324a46686132426467437a6c7478623941724b62474f334b2f7036354f4f4f41426e3863484e645a61585730446b39546a6e766a334750352f7742376a6d684a4e3671362b576d336c743933714d2f4d422f3841676e35343375564676712f37522f7839314854572b56374676473030616d4c424a51764b7431466a334e75523077707a6d76525068372b7770384c66687a657272466c6f51314c784343476c3854654a627566784634686b5a656b696168714c79725a4d634463756d7732534d5143794d7967312b686b6c3647547133543147443136594a342f2b7432577565765a776338397a3350494f656f366578796535417a6b30326f4c5a64505633306572642f77414e62713277724c2b763037624c52657035565a65454e4c3056464555617379716551427a747a33782b6f7941656d51656647666a333848626a347661546f6d7665444e562f34513734392f44475a74652b45506a363362794c684c2b32426d6d384a61354d69753933346238514b47733779316c533467694d676e6b746279332b33574f6f2f526c394c6e4f6554686879635a3664546b3963632f696561342b376e614e784a4778563077364d50764b36734372416a6f56594b516532447a78534764462b7a4438657250384161422b476476346b7572412b48664858683355627a776638542f426b2b55765043586a7251332b7a6176597645355a2f734634797271576c54623551624f3557316d6c2f744379763449506f71767a4a736457672b436e375a6e676a78545a71746834492f6136304f373848654d4c5a4359745074506a48344b74316e384e2b494669514d6958336961785965484a6f6f30692b32333936645775576b6d6b755a682b6d3161776c6461744e70327575756c302f6d74653362734a6669724a2b752f3668525252566a4376684c3976554a4e34572f5a34302b3562476d36702b317438454c485656596a79357246373357706d686e424942686557434a324c5a56544772594a417237744a774366515a7234472f623453665866676c726c6e705133654a664332722b472f694634534b67462f2b45683845617a6261784844474343544c66365848716d6d572b436f573776494a4862793164576d5877763841726255542f77416e397a755876485069327a3849576e696e784c71675a34744f75627954795132325337765a3737374c59324552494f4a72362b6d67736f6341346b6d5542534f4b6d2b4771366b756751617072736f6c317a586d4772616979445a48455a305557397042486b2b5862576c75493459492b5371414d7a504b7a752f7a663477385157337879316a344b613334625a726a77443478306d50346e3373384a4c51747130636132456d6a586533495337304f2f66575675375358356f62325641366564614b523953325679736149696b4b714b71716f4247304b6f4367414841494141783659484841726d693072727265393739334670364c386c62613658566e7064726444675a427951447a672b33546e364563676e6f42573942664251446b635950337679504831347a3634344f6138357437774448493639754d44703036593536446a7565446b61386439783158497837634472372f6a6e385432744f2b7141376733774934497a2f76632f6867747a312f4476575a633367494f5433342b623850784f6550726a727961774466456a6b702f33316e394d6e2b56557072334f526c652f54332f6e7a6a507033774f4b414c4635636a427951423833663137354848547277523337597279727842346f74394631375464507670566a744e66686e53306c5a734350554c4d70356b5a596e415735676d694b67416b4e444b7878754f4f7875627a4f65526e6e716658483439534d392f5564612b55503271356232312b474576696e544a436c2f7743444e6430545751796b35617a75377464457534754d6b4b7a616e627973347a7453456c687442784c642f64394c4f39727652377061627258545632586b422b3166493176384c5068353472746d4d65712f442f384161562b446669505235302f31336e3375717a364a6332304c6a44375a6f3951573564465a51306c7044495354476f503630562b47666a767870642f456677682b7974384a726c4a49664533784c2b4d48687234682b49624e6752643666384f6668346b2b6f76714f6f5275752b335336615a4e54686661486550545442784c4930522f6272537234616861525841782b385550783047376e4836386533657461577a38724c384c2f414958567864583933362f716156464646616a45626f666f66355638532f7451364a6658326933545736735145636b594a48415042476568392b443656397431794869767776616549724757336e6a5639796b41454139526a322f7a31363041667a372f4141692b4c6c372b7a56346738516148346b384f6172346c2b4448694855354e5375625052564e33346c2b472b73335475313972506879786c5a667475685838704d327061564379504134335276495a4448642f6f35344e2b4b507769386657734e3934442b4c76674458344a30444c615857753275686135426e48376d3930585744616168615472306547356768634d6371684244564a34342f5a55744e56753572694333413878693251673735366a414f434f7037394f31654761742b77583451317952356459384b61566654452f4e634e62535764343233686439397030746c664d46484371317756544232714f70796c5376724733617a30576a547470665333537a33766f4c6262354c37765852656a3336492b773765466d47354e55304752534151306576364e497042364546627a7631486233485374464933482f4d5230556658584e487a78332f342b2b5077487058774a4a2f7754652b487a737a4a6f4f6f514b535349346645666962793042504372357573537674555941334f7877426b6d6f2f774468323334412f7743675071762f41495566694c2f355a315073354b3377364c724a3662663366495a2b6752563863366e6f6e3436377041482f414b564771306b546e2f6d4a614831373637704848342f617a2b58505874322b4276384168323334412f36412b712f2b464834692f77446c6e522f77376238416639416656663841776f2f45582f797a6f396e507576762f41507441312f702f3844312f70366662392f4a5932556254616c346c38493656416779397871506966523761465038416663334c625236635a4f446a424a4e664948787a2f61652b4150686e77377248684c54645874506a7034373161332b79616434453845496461304662316269475343587850346874316d30753373375735686a6b6d73597062725570334561507068745a4a5a347365332f344a772f44714274386e6865572b5a634652663635346c755931494f51664a4f7370433537596d6a6b58327a7a586f2f683339696e5239465a494e4c30577730323356686d4b77736f625a5778336b614e4661566a6b37704a6d6b6b5945466e4a4a6f564a33546253665633636e2b697639362b51745832586e712f77737631394435552f5a6c384a2b4e664650784d762f6972342f6e572f38636549664974516c724549394d384d36444435527466446d6952426e5333737264556957534f4a697276435a7070723237754c753975663371384a32386c7670467448494d4d496b423639514233347a2f38417272776a345866412f5466434b784e396e514f675535324473636a6e413536383550544e66544d4d537778724767415652675939767746624a4b4b73747650642b62383331475330555555774369696967426a78527638416652572b6f706e3265482f6e6d76362f3430555541483265482f6e6d76362f3430665a34662b65612f722f6a52525141665a34662b65612f722f6a52396e682f3535722b762b4e46464142396e682f3535722b762b4e4b49495163694e515252525142494142774142394b57696967416f6f6f6f412f2f5a, 'c', 'jpg'),
(2, 0x2f396a2f34414151536b5a4a5267414241514141415141424141442f2f67413851314a4651565250556a6f675a325174616e426c5a7942324d5334774943683163326c755a79424a536b6367536c4246527942324e6a49704c4342786457467361585235494430674d54417743762f6241454d4141514542415145424151454241514542415145424151454241514542415145424151454241514542415145424151454241514542415145424151454241514542415145424151454241514542415145424151454241662f6241454d4241514542415145424151454241514542415145424151454241514542415145424151454241514542415145424151454241514542415145424151454241514542415145424151454241514542415145424151454241662f41414245494148344179414d4249674143455145444551482f7841416641414142425145424151454241514141414141414141414141514944424155474277674a4367762f784143314541414341514d444167514442515545424141414158304241674d4142424546456945785151595455574548496e45554d6f47526f51676a5172484246564c523843517a596e4b4343516f574678675a4769556d4a7967704b6a51314e6a63344f547044524556475230684a536c4e5556565a5857466c615932526c5a6d646f6157707a6448563264336835656f4f456859614869496d4b6b704f556c5a61586d4a6d616f714f6b7061616e714b6d7173724f3074626133754c6d367773504578636248794d6e4b3074505531646258324e6e6134654c6a354f586d352b6a7036764879382f5431397666342b66722f7841416641514144415145424151454241514542414141414141414141514944424155474277674a4367762f78414331455141434151494542414d454277554542414142416e6341415149444551514649544547456b4652423246784579497967516755517047687363454a497a4e53384256696374454b46695130345358784678675a4769596e4b436b714e5459334f446b3651305246526b644953557054564656575631685a576d4e6b5a575a6e61476c7163335231646e64346558714367345346686f6549695971536b3553566c7065596d5a71696f36536c7071656f71617179733753317472653475627243773854467873664979637253303954563174665932647269342b546c3575666f36657279382f5431397666342b66722f3267414d41774541416845444551412f415036594b4b4b4b2f574434384b4b4b4b414369696967416f6f6f6f414b4b4b4b4143697569384d2b452f45506a4855563072773570647a71643451476b455156594c61496e623531356453736c7661516738655a504c47724e6845334f56552f57586850396c53315249726e78727230733070415a394c30414c4643687743456c314f376865535963346b5747797438456675376867513163574c7a4843594a66763679553272716e4738366a3765354737696e306c506c692b35765277316176384177344e783263333773563833753131556274646a347271356136647146386357566a65586835474c57326d75446b444a47496b6338446b2b67354e6671486f6e77672b47766838526d77384936544a4c4879747a71554c617663623845475153366d393259324f536633516a5665694b6f4141365478526236385044477257336731724b7a3137374538656a74636f71576b45355a636b4b4933695351524758374d5a4932675735386f7a71595139654c4c69576b35786852773072536b6f2b30723156536a47375335704b45617675706176336b3075353352797561546336713054664c546935743256374a79634e58737444386a354935495a48696c6a654b574e6d53534f525753534e314a4449364d4179737042444b774242424247615a5737346c302f7842706d74366862654b594c2b44585463535461674e534c766454547a4d586134655a6d63584b7a7354496c7a484a4c464f703378794f704448437236574d6c4b4d5a4a78616c464e4f4c356f753676654d757358306656616e6c744e4e707070703273315a723158522b515555555651676f6f6f6f414b4b4b4b414369696967416f6f6f6f414b4b4b4b414369696967416f6f6f6f414b4b4b4b4143757738436544645238652b4a7450384144656e45524e644d307435647370654f77302b4444586435496f49336557684352526c6b3836356b6767446f5a5177342b76734c396b6d7a6765393863333749446332317234667334704d44637346394c7138317767505542354e50745759644359314a3643754c4d63544c43594c45596943546e54696c432b7155707a6a546932757169357156757472472b47704b7458703033384d70506d383478546b3135585361763076632b727643486737516642476a572b6961425a70625730515670353243746433397a744379586c394f465670376954484a49574f4a4e734d4563554352787231464646666d30357a71536c4f636e4f636d35536c4a74755465376265353952474d597052696c474d565a4a4b79535852494b4b4b4b6b5a353138527668706f4878483068724c55346c74395474343544704f74517871627a5435794356556e6733466c492b50744e6c49775352535869614735574b346a2f4d72785034623158776a72756f6548745a6738692f303659785362636d4b614e67486775726479464d6c746377736b304c34424b4f41366f345a462f58717669483972505437654c56764275714a43467572375439597372696344426c68303634734a725a47503841455957314b345071424b4165417550704f487364566a6949344b556e4b6a565533424e33396e4f4d5855664c66614d6c47584e46616331704b7a35722b586d57486a4b6d36365355344f4b6b3139754c616972393346745766613637572b52614b4b4b2b3050444369696967416f6f6f6f414b4b4b4b414369696967416f6f6f6f414b4b4b4b414369696967416f6f6f6f414b2b307632534578622b50483234335465473033592b3973545844747a33322b5a6e4862666e7658786258327a2b79562f794476472f2f58376f662f6f6a5536386a506638416b56346e316f2f2b6e36523235663841373354394a2f384170456a362f6f6f6f72382b506f776f6f6f6f414b2b4d2f32756638416d6e332f41484e6e2f757456396d56385a2f74632f77444e507638417562502f414857713962492f2b527068662b342f2f714e574f504d503930726639772f2f414537412b4d364b4b4b2f516a35734b4b4b4b414369696967416f6f6f6f414b4b4b4b414369696967416f6f6f6f414b4b4b4b4143696969674172394d66674a706d6b576e77303850616a70756e32316e646174614f2b71584d4b6a7a722b357372362b74524e63792f656b64437367514d53496c59784b417167562b5a31666f582b7a4a34697464532b4877304a5a6c2b3365484e52765970625973504d466e71567a4c71567463684f6f686c6e754c7545486e393562795a786c632b42784843637342475565626c685867366954647553555a78546b6c6f30716a68612f5672725939484c476c69476e6137707955623733546939502b33564b39756e6c632b6a614b4b4b2b4750664369696967417235372f61553066523776346458657358746d7332713650505a77364a646d575647736d315456644c6a31484561534c464d4c6d3074664b595378796c4371764873495a6a39435638762f414c552b7657396e344d307251424b76323757645a697576494444662f5a2b6d517a764e4b79386b4c39726e736b544f304f642b306e793257765179714d355a6a673142795456614d6d347470386b6279714a7457393177556c4a624f4c616430326a6d786a69734e57636b6d755272564a726d6253693965716b30303930306d7462487750525252583651664d4252525251415555555541464646464142525252514155555555414646464641425252525141555555554146652f6673313679644c2b4a74705a74497152613770657061593462377253527844553441435277356b3038526f636a4a6b4b444a63412b41316f3654716c376f6d71616672476e532b54666158655739396153344a437a3273717a523731794e385a5a41736945346b51736a664b78726e785648367a68713944524f72536e424e374b54692b57542f7779732f6b61555a2b797130366e386b34796137705056664e58522b773946635638507647326e2f454477785a654972434e34444b5774722b306b445a73745367534d3364737368414530536d5258686e58695347534e6d574f547a496b3757767a4b70546e536e4f6e55693454684a786e4637786b6e5a702f774361306536646a36714d6f7a69705261635a4a4e4e624e50564d4b4b4b4b676f4b2f4d7634392b494234672b4a3369426f70664d746449614451725968747971644e694358716a67446a553376656d6671612b396669643431547744344e31547843496a50646f7157576d513442523953764130647130326344794957445845343676484330612f4f36312b566338383131504e6333456a7a5846784c4a50504e4953306b7330726d53575232504c4f37737a4d54795353612b71346177736e4f746a4a4c3356483246507a6b33476452727237715546665a38386c305a35476156567930364b657266744a4c736c64522b39755474354c75694b69696976726a78676f6f6f6f414b4b4b4b414369696967416f6f6f6f414b4b4b4b414369696967416f6f6f6f414b4b4b4b4143696976532f68443454732f476e7841304c513953686b6e307032753733553434326b5466615746705063694a354969736b63647a634a6232736a6f3862685a7a35627249554e5a31717361464b70576e666b70516c556c5a58664c434c6b374b3675326c6f727137366c5167357a6a435078546b6f712b31354f79763561366e32332b7a6e61665a7668526f557533616236383171375059746a5672757a56694f764b5769675a36714649344972334b7333534e49303351644e74644930653069734e4e7355614f31744964336c776f386a7973464c73376e644a493773575a6d4c4d53547a576c58356c69717978474a7231306d6c5672564b6b5539314755323470326256306d6b374e712f552b716f77396e53703033613849526937624e714b546176725a7537436969697344512b6476326e6e322f445246786e7a5045656c4a6e505445462f4a6e332b356a4848585062422f504376313238552b466444385a61524e6f6e69437a5739735a573878564c79527951584b785378525855456b624b795477435a7a4532536f592f4d72444972386c3954735a644c314c554e4d6e444c5070313964324d79757052316c744a354c65514d68355667385a425539447858326e44646545734e5677365456536c5539704b3972536a56566c79363376486b616c644c654e72336476437a536e4a565931485a786e486c58644f47392f586d75766d55614b4b4b2b6b504d4369696967416f6f6f6f414b4b4b4b414369696967416f6f6f6f414b4b4b4b414369696a72306f414b4b3974384566415478333478386d376d74423462306554612f396f367a484a464e4c453338646c706743336c786c634e473877744c575653436c30612b7576426e3750336744776e354e7a6457523854617248745933757470484e624a494f643174705142736f3144414e4762686279654e674374786e6d764a786d63344c43586a375432395661657a6f7453732f7743394f2f4a47335658636c2f4b7a736f34477657732b586b672f7454307636522b4a2b54736b2b35384c2b4566686634343862736a61446f567a4a5a4d634e71743442593657677a686d46356362457543682b39465a69356e4861493139772f426e344d6e345a6e5574543150557262564e623153326774436253336b6a74744f745935444e5042627a7a4554585032715951504c4b384673414c614a56692b387839325656525652465645525171496f437171714d4b7171414171714141414141414d41597031664c59374f38546a59546f714d4b4e43646c4b4562796e4a4a715355716a36585330684746316f37713536324877464b684a54764b7055573070614a4f316d3478586b3375355736613668525252586a486346464646414258796238572f32656453385661397158697a777271476e7833576f694b613830573953533153573669685347576531766f2f4f6a38323738745a5869754949492f50615752726e39356866724b697572435979766771767473504a526b3438736c4b4b6c475557303347536653385537707153746f31715a56714e4f76446b714a744a33566d3030374e5854586b336f37727950795038532b432f4658672b342b7a654a4e4476394b5973566a6d6e693332633547632f5a722b457932567a307966496e6b492f697761356576325175725330767265573076726133764c5764536b31746451783346764d6836704c444d7278794b6536757042394b2b66664750374e66676a78414a626e51544e34543146397a4157536d36306d5351382f764e4d6d6b557772774146734c6d3069514574354c6e672f55595469536a4f306358536447576964536e65644f2f567548385343386c37526e6b3173726e47376f7a55312f4c4b305a65696677763538702b654e466574654e666770343938452b646358656c6e56644a69334e2f612b692b5a653271526a4a333355496a573873674678766535743074315937556e6b786b2b53313944527230635242564b4e574657442b3143536b6b39374f3273583369374e645565624f6e4f6e4c6c6e47554a64704a72357275764e6142525252577041555555554146464646414252525251415555555541647834432b482f4149672b4965734453744367554a437153366a714e787553783032335a746f6c754a465669306b68444333746f773039777976735552787a53782f6676772f2b4350677a774773463274717575612b67566e317256496b6b614755446c744e737a76743950554e6e5a496e6d3367556c58764a4677424c3844504431686f487731384f506152494c6a57724f5057395275416f45747a6333343831504d6247537474626554617844376f5348634275643262313676684d327a6176694b3158443070797059656e4f56506c693347565678664c4b565270336357302b5743737557334d6e492b677765447030345171546970315a525572765651757270525731307435617539374e494b4b4b4b384939414b4b4b4b414369696967416f6f6f6f414b4b4b4b41436969696741727850783738422f42506a5a5a72754331587735726b675a68716d6b7778787854536e6e6471476e4b59376137334d535a4a552b7a586a6b2f4e644544466532555674517846624454565368566e536d757348613633744a62536a336a4a4e5071694b6c4f6e566a793149526e48733174357037702b61615a2b53586a5077627266675458626e514e636745647843424c623345653572572f73335a6c68766253516853384d75786c494957534b564a495a5653574e31484b562b69503753766869793166346654363836496d6f2b474c713075626166622b38653131433874744f75374d73415435636a584676633450486d57695949444e6e3837712f5163727872782b456a576b6c477047547056556c614c7152555a586a76704b4d6f7974306263656c7a357646304668367a676e654c536e432b2f4b32315a2b6161617631566e70657755555556364a7a4252525251422f396b3d, 'c', 'jpg');

-- --------------------------------------------------------

--
-- Table structure for table `pharamchicals`
--

CREATE TABLE IF NOT EXISTS `pharamchicals` (
  `id` int(10) unsigned NOT NULL AUTO_INCREMENT,
  `maker` varchar(70) DEFAULT NULL,
  `name` varchar(70) DEFAULT NULL,
  `mg` varchar(45) DEFAULT NULL,
  `frequency` varchar(45) DEFAULT NULL,
  `unit` varchar(45) DEFAULT NULL,
  `site` varchar(255) DEFAULT NULL,
  `notes` text,
  `side_effects` text,
  PRIMARY KEY (`id`)
) ENGINE=InnoDB  DEFAULT CHARSET=latin1 AUTO_INCREMENT=4 ;

--
-- Dumping data for table `pharamchicals`
--

INSERT INTO `pharamchicals` (`id`, `maker`, `name`, `mg`, `frequency`, `unit`, `site`, `notes`, `side_effects`) VALUES
(1, 'Teva Pharmaceuticals', 'Vouched4', NULL, NULL, NULL, 'http://www.drugs.com/manufacturer/teva-pharmaceuticals-140.html', 'test', 'test'),
(2, 'Bausch &amp; Lomb Inc.', 'toast', NULL, NULL, NULL, 'http://www.drugs.com/manufacturer/bausch-lomb-inc-27.html', 'test', 'test'),
(3, 'Roxane Laboratories,Inc.', 'zoloft', '', '3 times', 'weekly', 'http://www.drugs.com/manufacturer/roxane-laboratories-inc-122.html', 'test', 'test');

-- --------------------------------------------------------

--
-- Table structure for table `physicians`
--

CREATE TABLE IF NOT EXISTS `physicians` (
  `id` int(11) NOT NULL AUTO_INCREMENT,
  `name` varchar(70) NOT NULL,
  `phone` varchar(20) NOT NULL,
  `address` varchar(255) NOT NULL,
  `city` varchar(50) NOT NULL,
  `state` varchar(3) NOT NULL,
  `zip` varchar(14) NOT NULL,
  `email` varchar(150) NOT NULL,
  `site` varchar(255) NOT NULL,
  `notes` text NOT NULL,
  PRIMARY KEY (`id`)
) ENGINE=InnoDB  DEFAULT CHARSET=latin1 AUTO_INCREMENT=27 ;

--
-- Dumping data for table `physicians`
--

INSERT INTO `physicians` (`id`, `name`, `phone`, `address`, `city`, `state`, `zip`, `email`, `site`, `notes`) VALUES
(1, 'Dr bros', '530 626 7217', '123 Main St', 'Placerville', 'AL', '95667', 'dr.bro@health.com', 'health.com', 'test'),
(5, 'validation test', '(916) 847-5130', '2955 Coloma St.', 'Shingle Springs', 'CA', '95667', 'scott@graphicdesignhouse.com', '', 'test'),
(6, 'Vouched4', '(916) 847-5130', '2955 Coloma St.', 'Shingle Springs', 'CA', '95667', 'scott@graphicdesignhouse.com', '', 'dasf asdf asdfasd sdaf  asdfasdfasdfasdf sfasdf sd sad fsadf'),
(26, 'Scott Dean', '(916) 847-5130', '2955 Coloma St.', 'Shingle Springs', 'CA', '95667', 'scott@graphicdesignhouse.com', '', 'test');

-- --------------------------------------------------------

--
-- Table structure for table `temp`
--

CREATE TABLE IF NOT EXISTS `temp` (
  `id` int(11) NOT NULL AUTO_INCREMENT,
  `pointer` varchar(50) NOT NULL,
  `status` varchar(10) NOT NULL,
  `data` text NOT NULL,
  `action` varchar(10) NOT NULL,
  `account_id` int(11) NOT NULL,
  `created` bigint(20) NOT NULL,
  PRIMARY KEY (`id`)
) ENGINE=MyISAM  DEFAULT CHARSET=latin1 AUTO_INCREMENT=7 ;

--
-- Dumping data for table `temp`
--

INSERT INTO `temp` (`id`, `pointer`, `status`, `data`, `action`, `account_id`, `created`) VALUES
(1, 'scottyadean', 'public', 'hello', 'chat', 1, 1382208230),
(2, 'scottyadean', 'public', '<a href=''http://www.google.com'' target=''_blank'' >http://www.google.com</a>', 'chat', 1, 1382208232),
(3, 'scottyadean', 'public', '<i>&#x263A;</i>', 'chat', 1, 1382208239),
(4, 'scottyadean', 'public', 'hello', 'chat', 1, 1382221788),
(5, 'scottyadean', 'public', 'testing', 'chat', 1, 1382328671),
(6, 'scottyadean', 'public', 'hello budy', 'chat', 1, 1382328751);

-- --------------------------------------------------------

--
-- Table structure for table `users`
--

CREATE TABLE IF NOT EXISTS `users` (
  `id` int(11) NOT NULL AUTO_INCREMENT,
  `account_id` int(10) NOT NULL,
  `username` varchar(100) NOT NULL,
  `password` varchar(40) NOT NULL,
  `salt` varchar(60) NOT NULL,
  `fname` varchar(70) NOT NULL,
  `lname` varchar(70) NOT NULL,
  `phone` varchar(20) NOT NULL,
  `email` varchar(150) NOT NULL,
  `status` varchar(255) NOT NULL,
  `position` varchar(255) NOT NULL,
  `role` int(11) NOT NULL DEFAULT '1',
  `last_log` datetime NOT NULL,
  `date_created` datetime NOT NULL,
  PRIMARY KEY (`id`)
) ENGINE=MyISAM  DEFAULT CHARSET=latin1 AUTO_INCREMENT=5 ;

--
-- Dumping data for table `users`
--

INSERT INTO `users` (`id`, `account_id`, `username`, `password`, `salt`, `fname`, `lname`, `phone`, `email`, `status`, `position`, `role`, `last_log`, `date_created`) VALUES
(1, 1, 'scottyadean', '1e522bc93e5f6c80b3a9ee99d071efd0d773ba1a', '9aa4df865ae0f585c5e3', 'Scott', 'Dean', '', 'scott.dean@graphicdesignhouse.com', '172809929f38242d5fe5df8d22d62d53bbad6435', '', 1, '2013-07-16 08:57:54', '2012-08-18 06:44:33'),
(4, 0, 'torey.smith', '1e920313e1bae7b29c24b1bf8fd42f5f2406241c', 'ff0033fafc1c04020d8a', 'Torey', 'Smith', '916-698-5585', 'torey@capitalsocailservices.com', '', 'Director of Operations', 4, '2013-07-09 10:17:54', '2013-07-09 10:17:54');

/*!40101 SET CHARACTER_SET_CLIENT=@OLD_CHARACTER_SET_CLIENT */;
/*!40101 SET CHARACTER_SET_RESULTS=@OLD_CHARACTER_SET_RESULTS */;
/*!40101 SET COLLATION_CONNECTION=@OLD_COLLATION_CONNECTION */;
